0.4942 0.4938 0.4936 0.4934 
0.4943 0.4939 0.4937 0.4935 
0.4944 0.4940 0.4938 0.4936 
0.4945 0.4941 0.4938 0.4937 
0.4938 0.4934 0.4931 0.4930 
0.4939 0.4935 0.4933 0.4931 
0.4940 0.4936 0.4933 0.4932 
0.4941 0.4936 0.4934 0.4932 
0.4935 0.4931 0.4929 0.4927 
0.4937 0.4932 0.4929 0.4928 
0.4937 0.4933 0.4930 0.4929 
0.4938 0.4933 0.4931 0.4929 
0.4934 0.4930 0.4927 0.4926 
0.4935 0.4931 0.4928 0.4926 
0.4936 0.4932 0.4929 0.4927 
0.4936 0.4932 0.4929 0.4927 
0.4963 0.4961 0.4960 0.4959 
0.4966 0.4963 0.4962 0.4961 
0.4967 0.4965 0.4963 0.4963 
0.4968 0.4966 0.4964 0.4963 
0.4957 0.4955 0.4953 0.4952 
0.4959 0.4957 0.4955 0.4954 
0.4961 0.4958 0.4956 0.4955 
0.4962 0.4959 0.4957 0.4956 
0.4952 0.4949 0.4947 0.4946 
0.4953 0.4950 0.4948 0.4947 
0.4955 0.4952 0.4950 0.4948 
0.4955 0.4952 0.4950 0.4949 
0.4946 0.4943 0.4941 0.4940 
0.4948 0.4945 0.4942 0.4941 
0.4949 0.4946 0.4943 0.4942 
0.4950 0.4946 0.4944 0.4942 
0.4986 0.4985 0.4985 0.4985 
0.4989 0.4988 0.4988 0.4988 
0.4991 0.4990 0.4990 0.4990 
0.4992 0.4991 0.4991 0.4991 
0.4981 0.4980 0.4979 0.4979 
0.4983 0.4983 0.4982 0.4982 
0.4985 0.4985 0.4984 0.4984 
0.4986 0.4986 0.4985 0.4985 
0.4975 0.4974 0.4973 0.4973 
0.4978 0.4976 0.4976 0.4975 
0.4980 0.4978 0.4977 0.4977 
0.4981 0.4979 0.4978 0.4978 
0.4969 0.4968 0.4966 0.4966 
0.4972 0.4970 0.4969 0.4968 
0.4973 0.4972 0.4971 0.4970 
0.4974 0.4973 0.4971 0.4971 
0.5005 0.5005 0.5005 0.5006 
0.5008 0.5008 0.5009 0.5009 
0.5010 0.5010 0.5011 0.5011 
0.5011 0.5012 0.5012 0.5012 
0.5000 0.5000 0.5001 0.5001 
0.5003 0.5004 0.5004 0.5004 
0.5005 0.5006 0.5006 0.5006 
0.5006 0.5007 0.5007 0.5007 
0.4996 0.4996 0.4996 0.4996 
0.4999 0.4999 0.4999 0.4999 
0.5001 0.5001 0.5001 0.5001 
0.5002 0.5002 0.5002 0.5002 
0.4991 0.4991 0.4991 0.4991 
0.4994 0.4994 0.4994 0.4994 
0.4996 0.4996 0.4996 0.4996 
0.4997 0.4997 0.4997 0.4997 
0.5024 0.5025 0.5025 0.5026 
0.5027 0.5028 0.5029 0.5029 
0.5029 0.5030 0.5031 0.5031 
0.5030 0.5031 0.5032 0.5032 
0.5019 0.5019 0.5020 0.5020 
0.5022 0.5023 0.5023 0.5024 
0.5024 0.5025 0.5026 0.5026 
0.5025 0.5026 0.5027 0.5027 
0.5014 0.5015 0.5015 0.5015 
0.5017 0.5018 0.5018 0.5019 
0.5019 0.5020 0.5020 0.5021 
0.5020 0.5021 0.5022 0.5022 
0.5009 0.5010 0.5010 0.5010 
0.5012 0.5013 0.5013 0.5014 
0.5014 0.5015 0.5016 0.5016 
0.5015 0.5016 0.5017 0.5017 
0.5047 0.5048 0.5049 0.5050 
0.5050 0.5051 0.5053 0.5053 
0.5052 0.5054 0.5055 0.5056 
0.5053 0.5055 0.5056 0.5057 
0.5041 0.5042 0.5043 0.5043 
0.5044 0.5045 0.5046 0.5047 
0.5046 0.5048 0.5049 0.5049 
0.5047 0.5049 0.5050 0.5050 
0.5035 0.5036 0.5037 0.5037 
0.5038 0.5039 0.5040 0.5041 
0.5040 0.5042 0.5042 0.5043 
0.5041 0.5043 0.5044 0.5044 
0.5029 0.5030 0.5031 0.5031 
0.5032 0.5033 0.5034 0.5035 
0.5034 0.5036 0.5036 0.5037 
0.5036 0.5037 0.5038 0.5038 
0.5068 0.5071 0.5072 0.5073 
0.5072 0.5074 0.5076 0.5077 
0.5074 0.5077 0.5079 0.5080 
0.5076 0.5078 0.5080 0.5081 
0.5063 0.5066 0.5067 0.5068 
0.5067 0.5069 0.5071 0.5072 
0.5069 0.5072 0.5073 0.5074 
0.5071 0.5073 0.5075 0.5076 
0.5058 0.5060 0.5061 0.5062 
0.5062 0.5064 0.5065 0.5066 
0.5064 0.5066 0.5068 0.5068 
0.5065 0.5067 0.5069 0.5070 
0.5052 0.5054 0.5055 0.5056 
0.5056 0.5058 0.5059 0.5060 
0.5058 0.5060 0.5061 0.5062 
0.5059 0.5061 0.5063 0.5063 
0.5079 0.5082 0.5084 0.5085 
0.5083 0.5086 0.5088 0.5089 
0.5085 0.5088 0.5091 0.5092 
0.5087 0.5090 0.5092 0.5093 
0.5078 0.5080 0.5082 0.5083 
0.5081 0.5084 0.5086 0.5088 
0.5084 0.5087 0.5089 0.5090 
0.5085 0.5089 0.5091 0.5092 
0.5075 0.5078 0.5080 0.5081 
0.5079 0.5082 0.5084 0.5085 
0.5082 0.5085 0.5087 0.5088 
0.5083 0.5086 0.5088 0.5089 
0.5072 0.5075 0.5077 0.5077 
0.5076 0.5079 0.5081 0.5081 
0.5079 0.5081 0.5083 0.5084 
0.5080 0.5083 0.5085 0.5086 
0.4935 0.4932 0.4930 0.4930 
0.4936 0.4934 0.4931 0.4930 
0.4938 0.4935 0.4933 0.4932 
0.4940 0.4937 0.4934 0.4933 
0.4932 0.4929 0.4927 0.4926 
0.4933 0.4930 0.4928 0.4927 
0.4935 0.4932 0.4929 0.4928 
0.4936 0.4933 0.4930 0.4929 
0.4930 0.4927 0.4925 0.4924 
0.4931 0.4928 0.4926 0.4925 
0.4933 0.4929 0.4927 0.4925 
0.4934 0.4930 0.4928 0.4926 
0.4929 0.4926 0.4924 0.4923 
0.4930 0.4927 0.4925 0.4923 
0.4931 0.4928 0.4925 0.4924 
0.4933 0.4929 0.4926 0.4925 
0.4951 0.4950 0.4949 0.4948 
0.4954 0.4953 0.4951 0.4951 
0.4957 0.4956 0.4954 0.4954 
0.4960 0.4959 0.4957 0.4956 
0.4947 0.4945 0.4944 0.4943 
0.4949 0.4947 0.4946 0.4945 
0.4952 0.4950 0.4948 0.4948 
0.4955 0.4952 0.4951 0.4950 
0.4942 0.4940 0.4939 0.4938 
0.4945 0.4942 0.4941 0.4940 
0.4947 0.4944 0.4943 0.4942 
0.4949 0.4947 0.4945 0.4944 
0.4938 0.4936 0.4934 0.4933 
0.4940 0.4938 0.4936 0.4935 
0.4942 0.4939 0.4937 0.4936 
0.4944 0.4941 0.4939 0.4938 
0.4969 0.4969 0.4969 0.4968 
0.4974 0.4973 0.4973 0.4973 
0.4978 0.4978 0.4977 0.4977 
0.4982 0.4982 0.4981 0.4981 
0.4965 0.4964 0.4964 0.4964 
0.4969 0.4968 0.4968 0.4968 
0.4973 0.4972 0.4972 0.4972 
0.4977 0.4976 0.4976 0.4975 
0.4960 0.4959 0.4959 0.4959 
0.4964 0.4963 0.4962 0.4962 
0.4968 0.4967 0.4966 0.4966 
0.4972 0.4971 0.4970 0.4969 
0.4956 0.4955 0.4954 0.4953 
0.4959 0.4958 0.4957 0.4956 
0.4963 0.4961 0.4960 0.4960 
0.4966 0.4965 0.4964 0.4963 
0.4986 0.4986 0.4986 0.4987 
0.4991 0.4992 0.4992 0.4992 
0.4996 0.4997 0.4997 0.4997 
0.5001 0.5001 0.5001 0.5002 
0.4982 0.4982 0.4982 0.4982 
0.4987 0.4987 0.4987 0.4987 
0.4992 0.4992 0.4992 0.4992 
0.4996 0.4997 0.4997 0.4997 
0.4978 0.4978 0.4978 0.4978 
0.4983 0.4983 0.4983 0.4983 
0.4987 0.4987 0.4987 0.4987 
0.4992 0.4992 0.4992 0.4992 
0.4974 0.4973 0.4973 0.4973 
0.4978 0.4978 0.4978 0.4978 
0.4983 0.4983 0.4982 0.4982 
0.4987 0.4987 0.4987 0.4987 
0.5005 0.5005 0.5005 0.5005 
0.5010 0.5011 0.5011 0.5011 
0.5015 0.5016 0.5016 0.5016 
0.5020 0.5021 0.5021 0.5021 
0.5000 0.5000 0.5000 0.5000 
0.5005 0.5006 0.5006 0.5006 
0.5010 0.5011 0.5011 0.5011 
0.5015 0.5015 0.5016 0.5016 
0.4995 0.4995 0.4995 0.4996 
0.5000 0.5001 0.5001 0.5001 
0.5005 0.5006 0.5006 0.5006 
0.5010 0.5011 0.5011 0.5011 
0.4991 0.4991 0.4991 0.4991 
0.4996 0.4996 0.4996 0.4996 
0.5001 0.5001 0.5001 0.5002 
0.5005 0.5006 0.5006 0.5006 
0.5026 0.5027 0.5027 0.5027 
0.5032 0.5033 0.5033 0.5034 
0.5037 0.5039 0.5039 0.5040 
0.5042 0.5044 0.5045 0.5045 
0.5021 0.5021 0.5021 0.5022 
0.5026 0.5027 0.5028 0.5028 
0.5032 0.5033 0.5033 0.5034 
0.5037 0.5038 0.5038 0.5039 
0.5015 0.5016 0.5016 0.5016 
0.5021 0.5021 0.5022 0.5022 
0.5026 0.5027 0.5027 0.5028 
0.5031 0.5032 0.5032 0.5033 
0.5010 0.5010 0.5010 0.5010 
0.5015 0.5016 0.5016 0.5016 
0.5021 0.5021 0.5022 0.5022 
0.5025 0.5026 0.5027 0.5027 
0.5045 0.5046 0.5048 0.5048 
0.5052 0.5053 0.5055 0.5055 
0.5058 0.5060 0.5061 0.5062 
0.5063 0.5066 0.5067 0.5068 
0.5041 0.5042 0.5043 0.5043 
0.5047 0.5049 0.5050 0.5051 
0.5053 0.5055 0.5056 0.5057 
0.5059 0.5061 0.5062 0.5063 
0.5036 0.5037 0.5038 0.5038 
0.5043 0.5044 0.5045 0.5045 
0.5048 0.5050 0.5051 0.5052 
0.5054 0.5055 0.5057 0.5057 
0.5031 0.5032 0.5033 0.5033 
0.5037 0.5038 0.5039 0.5040 
0.5043 0.5044 0.5045 0.5046 
0.5048 0.5050 0.5051 0.5051 
0.5054 0.5056 0.5058 0.5058 
0.5061 0.5063 0.5065 0.5066 
0.5068 0.5070 0.5072 0.5073 
0.5074 0.5076 0.5078 0.5079 
0.5053 0.5055 0.5056 0.5057 
0.5060 0.5062 0.5064 0.5065 
0.5067 0.5069 0.5071 0.5072 
0.5073 0.5075 0.5077 0.5078 
0.5051 0.5053 0.5054 0.5055 
0.5058 0.5060 0.5062 0.5063 
0.5065 0.5067 0.5069 0.5070 
0.5070 0.5073 0.5075 0.5076 
0.5048 0.5050 0.5051 0.5052 
0.5055 0.5057 0.5059 0.5059 
0.5062 0.5064 0.5065 0.5066 
0.5067 0.5070 0.5071 0.5072 
0.4934 0.4933 0.4932 0.4931 
0.4933 0.4932 0.4931 0.4930 
0.4933 0.4931 0.4930 0.4929 
0.4934 0.4932 0.4930 0.4929 
0.4933 0.4931 0.4930 0.4930 
0.4932 0.4930 0.4929 0.4928 
0.4931 0.4929 0.4928 0.4927 
0.4932 0.4929 0.4927 0.4926 
0.4931 0.4930 0.4929 0.4928 
0.4930 0.4928 0.4927 0.4926 
0.4930 0.4927 0.4926 0.4925 
0.4930 0.4927 0.4925 0.4924 
0.4931 0.4929 0.4928 0.4928 
0.4930 0.4928 0.4926 0.4926 
0.4929 0.4927 0.4925 0.4924 
0.4929 0.4926 0.4924 0.4923 
0.4944 0.4943 0.4943 0.4942 
0.4945 0.4944 0.4943 0.4943 
0.4946 0.4945 0.4944 0.4944 
0.4948 0.4947 0.4946 0.4946 
0.4941 0.4940 0.4940 0.4939 
0.4941 0.4940 0.4940 0.4939 
0.4943 0.4941 0.4940 0.4940 
0.4944 0.4943 0.4942 0.4941 
0.4938 0.4937 0.4937 0.4936 
0.4938 0.4937 0.4936 0.4936 
0.4939 0.4938 0.4936 0.4936 
0.4941 0.4939 0.4937 0.4937 
0.4936 0.4935 0.4934 0.4934 
0.4936 0.4934 0.4933 0.4933 
0.4936 0.4934 0.4933 0.4932 
0.4937 0.4935 0.4933 0.4933 
0.4955 0.4955 0.4955 0.4955 
0.4958 0.4958 0.4958 0.4957 
0.4961 0.4961 0.4961 0.4961 
0.4965 0.4965 0.4964 0.4964 
0.4952 0.4952 0.4952 0.4952 
0.4955 0.4954 0.4954 0.4954 
0.4958 0.4957 0.4957 0.4957 
0.4961 0.4960 0.4960 0.4960 
0.4950 0.4949 0.4949 0.4949 
0.4951 0.4951 0.4950 0.4950 
0.4954 0.4953 0.4953 0.4952 
0.4957 0.4956 0.4955 0.4955 
0.4947 0.4946 0.4946 0.4945 
0.4948 0.4947 0.4947 0.4946 
0.4950 0.4949 0.4948 0.4948 
0.4953 0.4952 0.4951 0.4950 
0.4968 0.4968 0.4968 0.4968 
0.4972 0.4972 0.4972 0.4972 
0.4977 0.4976 0.4976 0.4976 
0.4981 0.4981 0.4981 0.4981 
0.4965 0.4965 0.4964 0.4964 
0.4969 0.4968 0.4968 0.4968 
0.4973 0.4973 0.4972 0.4972 
0.4977 0.4977 0.4977 0.4977 
0.4962 0.4961 0.4961 0.4961 
0.4965 0.4965 0.4965 0.4964 
0.4969 0.4969 0.4969 0.4968 
0.4973 0.4973 0.4973 0.4973 
0.4959 0.4958 0.4958 0.4958 
0.4962 0.4961 0.4961 0.4961 
0.4965 0.4965 0.4965 0.4965 
0.4969 0.4969 0.4969 0.4969 
0.4984 0.4983 0.4983 0.4983 
0.4989 0.4988 0.4988 0.4988 
0.4994 0.4994 0.4993 0.4993 
0.4999 0.4999 0.4999 0.4999 
0.4980 0.4979 0.4979 0.4978 
0.4984 0.4984 0.4984 0.4983 
0.4989 0.4989 0.4989 0.4989 
0.4995 0.4995 0.4994 0.4994 
0.4976 0.4975 0.4975 0.4975 
0.4980 0.4980 0.4979 0.4979 
0.4985 0.4985 0.4985 0.4984 
0.4990 0.4990 0.4990 0.4990 
0.4972 0.4971 0.4971 0.4971 
0.4976 0.4976 0.4975 0.4975 
0.4981 0.4980 0.4980 0.4980 
0.4986 0.4986 0.4986 0.4986 
0.5002 0.5001 0.5001 0.5001 
0.5007 0.5007 0.5007 0.5007 
0.5013 0.5014 0.5014 0.5014 
0.5020 0.5020 0.5020 0.5021 
0.4997 0.4997 0.4996 0.4996 
0.5003 0.5002 0.5002 0.5002 
0.5009 0.5009 0.5009 0.5008 
0.5015 0.5015 0.5015 0.5015 
0.4993 0.4992 0.4992 0.4991 
0.4998 0.4998 0.4997 0.4997 
0.5004 0.5003 0.5003 0.5003 
0.5009 0.5009 0.5010 0.5010 
0.4988 0.4988 0.4987 0.4987 
0.4993 0.4993 0.4993 0.4992 
0.4999 0.4998 0.4998 0.4998 
0.5004 0.5004 0.5004 0.5004 
0.5017 0.5018 0.5018 0.5018 
0.5024 0.5025 0.5025 0.5025 
0.5031 0.5032 0.5033 0.5033 
0.5038 0.5039 0.5040 0.5041 
0.5014 0.5014 0.5014 0.5015 
0.5020 0.5021 0.5021 0.5021 
0.5027 0.5028 0.5028 0.5029 
0.5034 0.5035 0.5036 0.5036 
0.5010 0.5010 0.5010 0.5010 
0.5016 0.5017 0.5017 0.5017 
0.5023 0.5023 0.5024 0.5024 
0.5030 0.5030 0.5031 0.5031 
0.5006 0.5006 0.5006 0.5006 
0.5012 0.5012 0.5012 0.5012 
0.5018 0.5019 0.5019 0.5019 
0.5025 0.5025 0.5026 0.5026 
0.5025 0.5026 0.5026 0.5027 
0.5032 0.5033 0.5034 0.5034 
0.5039 0.5041 0.5042 0.5042 
0.5047 0.5048 0.5050 0.5050 
0.5024 0.5025 0.5026 0.5026 
0.5031 0.5032 0.5033 0.5033 
0.5038 0.5040 0.5041 0.5041 
0.5046 0.5047 0.5049 0.5049 
0.5022 0.5023 0.5024 0.5024 
0.5029 0.5030 0.5031 0.5032 
0.5036 0.5038 0.5039 0.5039 
0.5044 0.5046 0.5047 0.5047 
0.5020 0.5021 0.5021 0.5022 
0.5027 0.5028 0.5029 0.5029 
0.5034 0.5035 0.5036 0.5036 
0.5041 0.5043 0.5044 0.5044 
0.4943 0.4943 0.4943 0.4943 
0.4940 0.4940 0.4940 0.4940 
0.4937 0.4937 0.4937 0.4936 
0.4935 0.4935 0.4934 0.4934 
0.4942 0.4942 0.4942 0.4942 
0.4939 0.4939 0.4939 0.4939 
0.4936 0.4936 0.4935 0.4935 
0.4934 0.4933 0.4932 0.4932 
0.4942 0.4942 0.4942 0.4942 
0.4938 0.4938 0.4938 0.4938 
0.4936 0.4935 0.4935 0.4934 
0.4933 0.4932 0.4931 0.4931 
0.4941 0.4942 0.4942 0.4942 
0.4938 0.4938 0.4938 0.4938 
0.4935 0.4935 0.4934 0.4934 
0.4933 0.4932 0.4931 0.4931 
0.4946 0.4947 0.4947 0.4947 
0.4945 0.4945 0.4945 0.4945 
0.4944 0.4944 0.4944 0.4944 
0.4944 0.4943 0.4943 0.4943 
0.4945 0.4946 0.4946 0.4946 
0.4943 0.4944 0.4944 0.4944 
0.4942 0.4942 0.4942 0.4942 
0.4941 0.4941 0.4940 0.4940 
0.4944 0.4945 0.4945 0.4945 
0.4942 0.4942 0.4942 0.4942 
0.4940 0.4940 0.4940 0.4940 
0.4939 0.4938 0.4938 0.4938 
0.4943 0.4944 0.4944 0.4944 
0.4941 0.4941 0.4941 0.4941 
0.4939 0.4938 0.4938 0.4938 
0.4937 0.4936 0.4936 0.4936 
0.4952 0.4952 0.4952 0.4952 
0.4952 0.4952 0.4952 0.4952 
0.4952 0.4952 0.4952 0.4952 
0.4954 0.4953 0.4953 0.4953 
0.4950 0.4950 0.4950 0.4950 
0.4950 0.4950 0.4950 0.4950 
0.4950 0.4950 0.4950 0.4950 
0.4951 0.4951 0.4951 0.4951 
0.4949 0.4949 0.4949 0.4949 
0.4948 0.4948 0.4948 0.4948 
0.4948 0.4948 0.4948 0.4948 
0.4948 0.4948 0.4948 0.4948 
0.4948 0.4948 0.4948 0.4948 
0.4946 0.4947 0.4947 0.4947 
0.4946 0.4946 0.4946 0.4946 
0.4946 0.4946 0.4945 0.4945 
0.4959 0.4958 0.4958 0.4958 
0.4960 0.4960 0.4959 0.4959 
0.4962 0.4962 0.4962 0.4961 
0.4965 0.4965 0.4964 0.4964 
0.4957 0.4956 0.4956 0.4956 
0.4958 0.4958 0.4957 0.4957 
0.4960 0.4959 0.4959 0.4959 
0.4962 0.4962 0.4961 0.4961 
0.4955 0.4955 0.4954 0.4954 
0.4956 0.4955 0.4955 0.4955 
0.4957 0.4957 0.4957 0.4956 
0.4959 0.4959 0.4959 0.4958 
0.4953 0.4953 0.4953 0.4953 
0.4954 0.4953 0.4953 0.4953 
0.4955 0.4954 0.4954 0.4954 
0.4956 0.4956 0.4956 0.4956 
0.4970 0.4969 0.4968 0.4968 
0.4973 0.4972 0.4971 0.4970 
0.4976 0.4975 0.4974 0.4974 
0.4980 0.4979 0.4978 0.4978 
0.4967 0.4966 0.4965 0.4965 
0.4969 0.4968 0.4968 0.4967 
0.4972 0.4971 0.4971 0.4970 
0.4976 0.4975 0.4974 0.4974 
0.4964 0.4963 0.4962 0.4962 
0.4966 0.4965 0.4965 0.4964 
0.4969 0.4968 0.4967 0.4967 
0.4972 0.4971 0.4971 0.4970 
0.4961 0.4961 0.4960 0.4960 
0.4963 0.4962 0.4962 0.4962 
0.4965 0.4965 0.4964 0.4964 
0.4968 0.4968 0.4967 0.4967 
0.4984 0.4983 0.4983 0.4982 
0.4988 0.4987 0.4986 0.4986 
0.4992 0.4991 0.4990 0.4990 
0.4996 0.4996 0.4995 0.4995 
0.4981 0.4980 0.4979 0.4978 
0.4984 0.4983 0.4982 0.4982 
0.4988 0.4987 0.4986 0.4986 
0.4992 0.4991 0.4991 0.4991 
0.4977 0.4976 0.4975 0.4975 
0.4980 0.4979 0.4978 0.4978 
0.4984 0.4983 0.4982 0.4982 
0.4988 0.4987 0.4987 0.4986 
0.4974 0.4972 0.4971 0.4971 
0.4976 0.4975 0.4974 0.4974 
0.4980 0.4979 0.4978 0.4978 
0.4984 0.4983 0.4982 0.4982 
0.4997 0.4997 0.4997 0.4997 
0.5001 0.5001 0.5001 0.5001 
0.5006 0.5006 0.5006 0.5006 
0.5011 0.5012 0.5012 0.5012 
0.4994 0.4994 0.4994 0.4994 
0.4998 0.4998 0.4998 0.4998 
0.5003 0.5003 0.5003 0.5003 
0.5008 0.5008 0.5008 0.5008 
0.4991 0.4991 0.4990 0.4990 
0.4995 0.4994 0.4994 0.4994 
0.4999 0.4999 0.4999 0.4999 
0.5004 0.5004 0.5004 0.5004 
0.4988 0.4987 0.4987 0.4986 
0.4991 0.4991 0.4990 0.4990 
0.4996 0.4995 0.4995 0.4994 
0.5001 0.5000 0.5000 0.5000 
0.5003 0.5004 0.5004 0.5004 
0.5007 0.5008 0.5008 0.5009 
0.5012 0.5013 0.5014 0.5014 
0.5018 0.5019 0.5020 0.5020 
0.5002 0.5003 0.5003 0.5003 
0.5007 0.5007 0.5008 0.5008 
0.5012 0.5012 0.5013 0.5013 
0.5017 0.5018 0.5019 0.5019 
0.5001 0.5002 0.5002 0.5002 
0.5005 0.5006 0.5006 0.5006 
0.5010 0.5011 0.5011 0.5011 
0.5016 0.5017 0.5017 0.5017 
0.4999 0.5000 0.5000 0.5000 
0.5003 0.5004 0.5004 0.5004 
0.5008 0.5009 0.5009 0.5009 
0.5014 0.5014 0.5015 0.5015 
0.4955 0.4957 0.4958 0.4959 
0.4952 0.4954 0.4954 0.4955 
0.4949 0.4950 0.4951 0.4951 
0.4946 0.4946 0.4947 0.4947 
0.4956 0.4957 0.4958 0.4959 
0.4952 0.4954 0.4954 0.4955 
0.4949 0.4950 0.4950 0.4951 
0.4945 0.4946 0.4946 0.4947 
0.4956 0.4957 0.4958 0.4959 
0.4952 0.4954 0.4954 0.4955 
0.4949 0.4950 0.4950 0.4951 
0.4945 0.4946 0.4946 0.4946 
0.4956 0.4957 0.4958 0.4959 
0.4952 0.4954 0.4954 0.4955 
0.4949 0.4950 0.4950 0.4950 
0.4945 0.4946 0.4946 0.4946 
0.4954 0.4956 0.4956 0.4957 
0.4952 0.4953 0.4954 0.4954 
0.4950 0.4951 0.4952 0.4952 
0.4948 0.4949 0.4949 0.4949 
0.4955 0.4956 0.4957 0.4957 
0.4952 0.4953 0.4954 0.4955 
0.4950 0.4951 0.4951 0.4952 
0.4948 0.4948 0.4949 0.4949 
0.4955 0.4956 0.4957 0.4958 
0.4952 0.4953 0.4954 0.4955 
0.4950 0.4950 0.4951 0.4951 
0.4947 0.4947 0.4948 0.4948 
0.4955 0.4957 0.4958 0.4958 
0.4952 0.4953 0.4954 0.4955 
0.4949 0.4950 0.4951 0.4951 
0.4946 0.4947 0.4947 0.4948 
0.4954 0.4955 0.4955 0.4955 
0.4953 0.4954 0.4954 0.4954 
0.4953 0.4953 0.4953 0.4953 
0.4952 0.4952 0.4952 0.4952 
0.4954 0.4955 0.4955 0.4955 
0.4953 0.4953 0.4954 0.4954 
0.4952 0.4952 0.4953 0.4953 
0.4951 0.4951 0.4951 0.4951 
0.4954 0.4955 0.4955 0.4956 
0.4953 0.4953 0.4954 0.4954 
0.4951 0.4952 0.4952 0.4952 
0.4950 0.4950 0.4951 0.4951 
0.4954 0.4955 0.4956 0.4956 
0.4952 0.4953 0.4954 0.4954 
0.4951 0.4951 0.4952 0.4952 
0.4949 0.4950 0.4950 0.4950 
0.4958 0.4957 0.4956 0.4956 
0.4958 0.4957 0.4956 0.4956 
0.4958 0.4957 0.4956 0.4956 
0.4958 0.4957 0.4957 0.4957 
0.4956 0.4956 0.4956 0.4955 
0.4956 0.4956 0.4955 0.4955 
0.4956 0.4956 0.4955 0.4955 
0.4956 0.4956 0.4955 0.4955 
0.4955 0.4955 0.4955 0.4955 
0.4955 0.4955 0.4955 0.4954 
0.4955 0.4954 0.4954 0.4954 
0.4955 0.4954 0.4954 0.4954 
0.4955 0.4955 0.4955 0.4955 
0.4954 0.4954 0.4954 0.4954 
0.4953 0.4953 0.4953 0.4953 
0.4953 0.4953 0.4953 0.4953 
0.4966 0.4965 0.4964 0.4963 
0.4966 0.4965 0.4964 0.4964 
0.4967 0.4966 0.4965 0.4964 
0.4968 0.4967 0.4966 0.4966 
0.4963 0.4962 0.4961 0.4961 
0.4964 0.4962 0.4962 0.4961 
0.4964 0.4963 0.4962 0.4962 
0.4965 0.4964 0.4963 0.4963 
0.4961 0.4960 0.4959 0.4959 
0.4961 0.4960 0.4959 0.4959 
0.4962 0.4961 0.4960 0.4960 
0.4963 0.4962 0.4961 0.4961 
0.4959 0.4958 0.4958 0.4957 
0.4959 0.4958 0.4958 0.4957 
0.4960 0.4959 0.4958 0.4958 
0.4960 0.4959 0.4959 0.4958 
0.4978 0.4977 0.4976 0.4976 
0.4979 0.4978 0.4977 0.4977 
0.4980 0.4979 0.4978 0.4978 
0.4982 0.4981 0.4980 0.4980 
0.4975 0.4974 0.4973 0.4972 
0.4975 0.4974 0.4973 0.4973 
0.4977 0.4975 0.4975 0.4974 
0.4978 0.4977 0.4976 0.4976 
0.4972 0.4970 0.4970 0.4969 
0.4972 0.4971 0.4970 0.4970 
0.4973 0.4972 0.4971 0.4971 
0.4975 0.4974 0.4973 0.4972 
0.4969 0.4967 0.4966 0.4966 
0.4969 0.4968 0.4967 0.4966 
0.4970 0.4969 0.4968 0.4967 
0.4972 0.4970 0.4969 0.4969 
0.4989 0.4989 0.4989 0.4989 
0.4990 0.4990 0.4990 0.4990 
0.4992 0.4992 0.4992 0.4992 
0.4994 0.4994 0.4994 0.4994 
0.4986 0.4986 0.4986 0.4986 
0.4987 0.4987 0.4987 0.4987 
0.4989 0.4989 0.4989 0.4989 
0.4991 0.4991 0.4991 0.4991 
0.4984 0.4983 0.4983 0.4983 
0.4985 0.4984 0.4984 0.4984 
0.4986 0.4986 0.4985 0.4985 
0.4988 0.4988 0.4987 0.4987 
0.4981 0.4980 0.4980 0.4980 
0.4982 0.4981 0.4980 0.4980 
0.4983 0.4982 0.4982 0.4982 
0.4985 0.4984 0.4984 0.4984 
0.4994 0.4995 0.4996 0.4996 
0.4995 0.4996 0.4997 0.4997 
0.4997 0.4998 0.4998 0.4999 
0.5000 0.5000 0.5001 0.5001 
0.4994 0.4995 0.4995 0.4995 
0.4995 0.4996 0.4996 0.4996 
0.4997 0.4997 0.4998 0.4998 
0.4999 0.5000 0.5000 0.5000 
0.4992 0.4993 0.4994 0.4994 
0.4994 0.4994 0.4995 0.4995 
0.4995 0.4996 0.4996 0.4996 
0.4998 0.4998 0.4999 0.4999 
0.4991 0.4991 0.4992 0.4992 
0.4992 0.4992 0.4993 0.4993 
0.4994 0.4994 0.4994 0.4994 
0.4996 0.4996 0.4997 0.4997 
0.4966 0.4969 0.4970 0.4971 
0.4964 0.4966 0.4968 0.4968 
0.4961 0.4963 0.4965 0.4965 
0.4959 0.4960 0.4961 0.4962 
0.4967 0.4970 0.4971 0.4972 
0.4965 0.4967 0.4969 0.4969 
0.4962 0.4964 0.4965 0.4966 
0.4959 0.4961 0.4962 0.4963 
0.4968 0.4971 0.4972 0.4973 
0.4965 0.4968 0.4969 0.4970 
0.4962 0.4964 0.4966 0.4967 
0.4959 0.4961 0.4962 0.4963 
0.4968 0.4971 0.4973 0.4974 
0.4966 0.4968 0.4970 0.4970 
0.4963 0.4965 0.4966 0.4967 
0.4959 0.4961 0.4962 0.4963 
0.4961 0.4963 0.4964 0.4964 
0.4960 0.4961 0.4962 0.4963 
0.4958 0.4960 0.4960 0.4961 
0.4956 0.4958 0.4959 0.4959 
0.4963 0.4964 0.4965 0.4966 
0.4961 0.4963 0.4964 0.4964 
0.4959 0.4961 0.4962 0.4962 
0.4957 0.4958 0.4959 0.4960 
0.4964 0.4966 0.4967 0.4968 
0.4962 0.4964 0.4965 0.4966 
0.4960 0.4962 0.4963 0.4963 
0.4957 0.4959 0.4960 0.4961 
0.4965 0.4967 0.4969 0.4970 
0.4963 0.4965 0.4966 0.4967 
0.4961 0.4963 0.4964 0.4964 
0.4958 0.4960 0.4961 0.4961 
0.4957 0.4958 0.4958 0.4958 
0.4957 0.4957 0.4957 0.4957 
0.4956 0.4956 0.4957 0.4957 
0.4955 0.4956 0.4956 0.4956 
0.4958 0.4959 0.4959 0.4959 
0.4957 0.4958 0.4958 0.4958 
0.4956 0.4957 0.4957 0.4958 
0.4955 0.4956 0.4956 0.4957 
0.4959 0.4960 0.4960 0.4961 
0.4958 0.4959 0.4959 0.4960 
0.4957 0.4958 0.4958 0.4959 
0.4955 0.4956 0.4957 0.4957 
0.4960 0.4961 0.4962 0.4962 
0.4959 0.4960 0.4961 0.4961 
0.4957 0.4959 0.4959 0.4960 
0.4956 0.4957 0.4958 0.4958 
0.4959 0.4958 0.4958 0.4957 
0.4959 0.4958 0.4957 0.4957 
0.4958 0.4958 0.4957 0.4957 
0.4958 0.4957 0.4957 0.4956 
0.4958 0.4957 0.4957 0.4957 
0.4958 0.4957 0.4957 0.4957 
0.4957 0.4957 0.4956 0.4956 
0.4957 0.4956 0.4956 0.4956 
0.4957 0.4957 0.4957 0.4957 
0.4957 0.4957 0.4957 0.4956 
0.4956 0.4956 0.4956 0.4956 
0.4956 0.4956 0.4956 0.4956 
0.4957 0.4957 0.4957 0.4957 
0.4957 0.4957 0.4957 0.4957 
0.4956 0.4956 0.4956 0.4956 
0.4955 0.4955 0.4956 0.4956 
0.4966 0.4965 0.4965 0.4964 
0.4966 0.4965 0.4964 0.4964 
0.4966 0.4965 0.4964 0.4963 
0.4966 0.4965 0.4964 0.4963 
0.4964 0.4963 0.4962 0.4962 
0.4964 0.4963 0.4962 0.4961 
0.4963 0.4962 0.4962 0.4961 
0.4963 0.4962 0.4961 0.4961 
0.4962 0.4961 0.4960 0.4960 
0.4962 0.4961 0.4960 0.4960 
0.4961 0.4960 0.4960 0.4959 
0.4961 0.4960 0.4959 0.4959 
0.4960 0.4959 0.4959 0.4958 
0.4960 0.4959 0.4958 0.4958 
0.4960 0.4959 0.4958 0.4958 
0.4959 0.4958 0.4958 0.4957 
0.4977 0.4977 0.4977 0.4977 
0.4977 0.4977 0.4976 0.4976 
0.4977 0.4977 0.4976 0.4976 
0.4977 0.4977 0.4976 0.4976 
0.4974 0.4974 0.4973 0.4973 
0.4974 0.4973 0.4973 0.4973 
0.4974 0.4973 0.4973 0.4972 
0.4974 0.4973 0.4973 0.4972 
0.4971 0.4971 0.4970 0.4970 
0.4971 0.4970 0.4970 0.4970 
0.4971 0.4970 0.4970 0.4969 
0.4971 0.4970 0.4969 0.4969 
0.4969 0.4968 0.4967 0.4967 
0.4969 0.4968 0.4967 0.4967 
0.4968 0.4967 0.4967 0.4966 
0.4968 0.4967 0.4966 0.4966 
0.4987 0.4988 0.4989 0.4990 
0.4987 0.4988 0.4989 0.4989 
0.4988 0.4988 0.4989 0.4989 
0.4988 0.4989 0.4989 0.4989 
0.4985 0.4986 0.4986 0.4987 
0.4985 0.4986 0.4986 0.4986 
0.4985 0.4986 0.4986 0.4986 
0.4986 0.4986 0.4986 0.4986 
0.4982 0.4983 0.4983 0.4984 
0.4982 0.4983 0.4983 0.4983 
0.4983 0.4983 0.4983 0.4983 
0.4983 0.4983 0.4983 0.4983 
0.4980 0.4980 0.4980 0.4980 
0.4980 0.4980 0.4980 0.4980 
0.4980 0.4980 0.4980 0.4979 
0.4980 0.4980 0.4980 0.4979 
0.4992 0.4994 0.4996 0.4996 
0.4992 0.4994 0.4995 0.4996 
0.4993 0.4994 0.4995 0.4996 
0.4993 0.4995 0.4995 0.4996 
0.4991 0.4993 0.4995 0.4996 
0.4992 0.4994 0.4995 0.4995 
0.4992 0.4994 0.4995 0.4995 
0.4993 0.4994 0.4995 0.4995 
0.4990 0.4992 0.4994 0.4994 
0.4991 0.4992 0.4993 0.4994 
0.4991 0.4992 0.4993 0.4994 
0.4992 0.4993 0.4993 0.4994 
0.4989 0.4991 0.4992 0.4992 
0.4989 0.4991 0.4991 0.4992 
0.4990 0.4991 0.4991 0.4992 
0.4990 0.4991 0.4991 0.4992 
0.4974 0.4977 0.4978 0.4979 
0.4972 0.4975 0.4977 0.4978 
0.4971 0.4973 0.4975 0.4976 
0.4969 0.4971 0.4973 0.4974 
0.4975 0.4978 0.4980 0.4981 
0.4974 0.4977 0.4979 0.4980 
0.4972 0.4975 0.4976 0.4977 
0.4970 0.4972 0.4974 0.4975 
0.4977 0.4980 0.4982 0.4983 
0.4975 0.4978 0.4980 0.4981 
0.4973 0.4976 0.4978 0.4979 
0.4971 0.4973 0.4975 0.4976 
0.4977 0.4980 0.4982 0.4983 
0.4975 0.4978 0.4980 0.4981 
0.4973 0.4976 0.4978 0.4979 
0.4971 0.4974 0.4976 0.4976 
0.4965 0.4967 0.4968 0.4968 
0.4964 0.4966 0.4967 0.4967 
0.4963 0.4965 0.4966 0.4966 
0.4962 0.4964 0.4965 0.4965 
0.4967 0.4969 0.4970 0.4971 
0.4966 0.4968 0.4969 0.4970 
0.4965 0.4967 0.4968 0.4969 
0.4964 0.4966 0.4967 0.4968 
0.4970 0.4972 0.4973 0.4974 
0.4968 0.4971 0.4972 0.4973 
0.4967 0.4969 0.4971 0.4971 
0.4966 0.4968 0.4969 0.4970 
0.4972 0.4974 0.4976 0.4977 
0.4971 0.4973 0.4975 0.4975 
0.4969 0.4971 0.4973 0.4974 
0.4967 0.4970 0.4971 0.4972 
0.4959 0.4959 0.4959 0.4959 
0.4959 0.4959 0.4959 0.4959 
0.4958 0.4958 0.4959 0.4959 
0.4958 0.4958 0.4958 0.4958 
0.4960 0.4960 0.4960 0.4960 
0.4959 0.4960 0.4960 0.4960 
0.4959 0.4960 0.4960 0.4960 
0.4959 0.4959 0.4960 0.4960 
0.4961 0.4962 0.4962 0.4963 
0.4961 0.4962 0.4962 0.4962 
0.4960 0.4961 0.4962 0.4962 
0.4960 0.4960 0.4961 0.4961 
0.4963 0.4964 0.4965 0.4965 
0.4962 0.4964 0.4964 0.4965 
0.4962 0.4963 0.4964 0.4964 
0.4961 0.4962 0.4963 0.4963 
0.4960 0.4959 0.4958 0.4958 
0.4960 0.4959 0.4958 0.4958 
0.4960 0.4959 0.4958 0.4958 
0.4959 0.4959 0.4958 0.4958 
0.4959 0.4958 0.4958 0.4957 
0.4959 0.4958 0.4958 0.4957 
0.4959 0.4958 0.4958 0.4957 
0.4958 0.4958 0.4957 0.4957 
0.4958 0.4958 0.4958 0.4957 
0.4958 0.4958 0.4957 0.4957 
0.4958 0.4958 0.4957 0.4957 
0.4958 0.4957 0.4957 0.4957 
0.4958 0.4958 0.4958 0.4958 
0.4958 0.4958 0.4958 0.4958 
0.4958 0.4958 0.4958 0.4958 
0.4958 0.4958 0.4958 0.4957 
0.4967 0.4966 0.4966 0.4965 
0.4967 0.4966 0.4966 0.4965 
0.4967 0.4966 0.4965 0.4965 
0.4966 0.4966 0.4965 0.4965 
0.4965 0.4964 0.4963 0.4963 
0.4965 0.4964 0.4963 0.4963 
0.4964 0.4964 0.4963 0.4963 
0.4964 0.4963 0.4963 0.4962 
0.4963 0.4962 0.4961 0.4961 
0.4963 0.4962 0.4961 0.4961 
0.4963 0.4962 0.4961 0.4961 
0.4962 0.4961 0.4961 0.4960 
0.4961 0.4960 0.4960 0.4959 
0.4961 0.4960 0.4960 0.4959 
0.4961 0.4960 0.4959 0.4959 
0.4961 0.4960 0.4959 0.4959 
0.4976 0.4977 0.4977 0.4978 
0.4976 0.4977 0.4977 0.4977 
0.4977 0.4977 0.4977 0.4977 
0.4977 0.4977 0.4977 0.4977 
0.4974 0.4974 0.4974 0.4974 
0.4974 0.4974 0.4974 0.4974 
0.4974 0.4974 0.4974 0.4974 
0.4974 0.4974 0.4974 0.4974 
0.4971 0.4971 0.4971 0.4971 
0.4971 0.4971 0.4971 0.4971 
0.4971 0.4971 0.4971 0.4971 
0.4971 0.4971 0.4971 0.4970 
0.4969 0.4969 0.4968 0.4968 
0.4969 0.4969 0.4968 0.4968 
0.4969 0.4968 0.4968 0.4968 
0.4969 0.4968 0.4968 0.4967 
0.4985 0.4987 0.4989 0.4990 
0.4985 0.4988 0.4989 0.4990 
0.4986 0.4988 0.4989 0.4990 
0.4987 0.4988 0.4989 0.4990 
0.4983 0.4985 0.4986 0.4987 
0.4983 0.4985 0.4986 0.4987 
0.4984 0.4986 0.4987 0.4987 
0.4984 0.4986 0.4987 0.4987 
0.4981 0.4982 0.4983 0.4984 
0.4981 0.4983 0.4984 0.4984 
0.4982 0.4983 0.4984 0.4984 
0.4982 0.4983 0.4984 0.4984 
0.4978 0.4980 0.4980 0.4981 
0.4979 0.4980 0.4980 0.4981 
0.4979 0.4980 0.4980 0.4981 
0.4979 0.4980 0.4980 0.4980 
0.4989 0.4992 0.4995 0.4996 
0.4990 0.4993 0.4995 0.4996 
0.4991 0.4993 0.4995 0.4996 
0.4991 0.4994 0.4995 0.4996 
0.4989 0.4992 0.4994 0.4995 
0.4990 0.4992 0.4994 0.4995 
0.4990 0.4993 0.4995 0.4996 
0.4991 0.4993 0.4995 0.4996 
0.4988 0.4991 0.4993 0.4994 
0.4989 0.4991 0.4993 0.4994 
0.4989 0.4992 0.4993 0.4994 
0.4990 0.4992 0.4994 0.4994 
0.4986 0.4989 0.4991 0.4992 
0.4987 0.4990 0.4991 0.4992 
0.4988 0.4990 0.4992 0.4992 
0.4988 0.4990 0.4992 0.4992 
0.4977 0.4980 0.4982 0.4983 
0.4977 0.4979 0.4981 0.4982 
0.4976 0.4979 0.4981 0.4982 
0.4975 0.4978 0.4980 0.4981 
0.4979 0.4982 0.4984 0.4985 
0.4979 0.4982 0.4984 0.4985 
0.4978 0.4981 0.4983 0.4984 
0.4977 0.4980 0.4982 0.4983 
0.4980 0.4984 0.4986 0.4987 
0.4980 0.4983 0.4985 0.4986 
0.4979 0.4982 0.4984 0.4986 
0.4978 0.4981 0.4983 0.4984 
0.4981 0.4984 0.4987 0.4988 
0.4981 0.4984 0.4986 0.4987 
0.4980 0.4983 0.4985 0.4986 
0.4979 0.4982 0.4984 0.4985 
0.4966 0.4968 0.4969 0.4969 
0.4966 0.4968 0.4969 0.4969 
0.4966 0.4968 0.4968 0.4969 
0.4966 0.4967 0.4968 0.4969 
0.4969 0.4971 0.4972 0.4973 
0.4969 0.4971 0.4972 0.4973 
0.4969 0.4970 0.4972 0.4972 
0.4968 0.4970 0.4971 0.4972 
0.4972 0.4974 0.4976 0.4976 
0.4972 0.4974 0.4975 0.4976 
0.4971 0.4973 0.4975 0.4976 
0.4971 0.4973 0.4974 0.4975 
0.4975 0.4977 0.4979 0.4980 
0.4974 0.4977 0.4979 0.4979 
0.4974 0.4976 0.4978 0.4979 
0.4973 0.4975 0.4977 0.4978 
0.4959 0.4959 0.4959 0.4959 
0.4959 0.4959 0.4959 0.4959 
0.4959 0.4959 0.4959 0.4959 
0.4959 0.4959 0.4959 0.4959 
0.4960 0.4961 0.4961 0.4961 
0.4960 0.4961 0.4961 0.4961 
0.4960 0.4960 0.4961 0.4961 
0.4960 0.4960 0.4961 0.4961 
0.4962 0.4963 0.4963 0.4963 
0.4962 0.4963 0.4963 0.4963 
0.4962 0.4962 0.4963 0.4963 
0.4961 0.4962 0.4963 0.4963 
0.4964 0.4965 0.4966 0.4966 
0.4964 0.4965 0.4966 0.4966 
0.4964 0.4965 0.4965 0.4966 
0.4963 0.4964 0.4965 0.4966 
0.4960 0.4959 0.4959 0.4958 
0.4960 0.4959 0.4959 0.4958 
0.4960 0.4959 0.4959 0.4958 
0.4960 0.4959 0.4958 0.4958 
0.4959 0.4958 0.4958 0.4957 
0.4959 0.4958 0.4958 0.4957 
0.4959 0.4958 0.4958 0.4957 
0.4959 0.4958 0.4958 0.4957 
0.4959 0.4958 0.4958 0.4957 
0.4959 0.4958 0.4958 0.4957 
0.4959 0.4958 0.4958 0.4957 
0.4959 0.4958 0.4958 0.4957 
0.4959 0.4958 0.4958 0.4958 
0.4959 0.4958 0.4958 0.4958 
0.4959 0.4958 0.4958 0.4958 
0.4959 0.4958 0.4958 0.4958 
0.4967 0.4966 0.4966 0.4966 
0.4967 0.4966 0.4966 0.4966 
0.4967 0.4966 0.4966 0.4966 
0.4967 0.4966 0.4966 0.4966 
0.4965 0.4964 0.4964 0.4963 
0.4965 0.4964 0.4964 0.4963 
0.4965 0.4964 0.4964 0.4963 
0.4965 0.4964 0.4963 0.4963 
0.4963 0.4962 0.4962 0.4961 
0.4963 0.4962 0.4962 0.4961 
0.4963 0.4962 0.4961 0.4961 
0.4963 0.4962 0.4961 0.4961 
0.4962 0.4961 0.4960 0.4959 
0.4962 0.4961 0.4960 0.4959 
0.4961 0.4960 0.4960 0.4959 
0.4961 0.4960 0.4960 0.4959 
0.4975 0.4976 0.4977 0.4977 
0.4975 0.4976 0.4977 0.4977 
0.4975 0.4976 0.4977 0.4977 
0.4976 0.4977 0.4977 0.4978 
0.4973 0.4974 0.4974 0.4974 
0.4973 0.4974 0.4974 0.4974 
0.4973 0.4974 0.4974 0.4974 
0.4973 0.4974 0.4974 0.4974 
0.4971 0.4971 0.4971 0.4971 
0.4971 0.4971 0.4971 0.4971 
0.4971 0.4971 0.4971 0.4971 
0.4971 0.4971 0.4971 0.4971 
0.4969 0.4969 0.4969 0.4968 
0.4969 0.4969 0.4969 0.4968 
0.4969 0.4969 0.4968 0.4968 
0.4969 0.4969 0.4968 0.4968 
0.4983 0.4986 0.4988 0.4989 
0.4983 0.4986 0.4988 0.4989 
0.4984 0.4986 0.4988 0.4989 
0.4984 0.4987 0.4988 0.4989 
0.4981 0.4984 0.4985 0.4986 
0.4981 0.4984 0.4985 0.4986 
0.4982 0.4984 0.4986 0.4986 
0.4982 0.4984 0.4986 0.4987 
0.4979 0.4981 0.4983 0.4983 
0.4979 0.4981 0.4983 0.4983 
0.4980 0.4982 0.4983 0.4984 
0.4980 0.4982 0.4983 0.4984 
0.4977 0.4979 0.4980 0.4980 
0.4977 0.4979 0.4980 0.4980 
0.4978 0.4979 0.4980 0.4981 
0.4978 0.4979 0.4980 0.4981 
0.4987 0.4991 0.4993 0.4994 
0.4987 0.4991 0.4993 0.4995 
0.4988 0.4991 0.4994 0.4995 
0.4988 0.4992 0.4994 0.4995 
0.4986 0.4990 0.4993 0.4994 
0.4987 0.4990 0.4993 0.4994 
0.4987 0.4991 0.4993 0.4994 
0.4988 0.4991 0.4994 0.4995 
0.4986 0.4989 0.4991 0.4993 
0.4986 0.4989 0.4992 0.4993 
0.4986 0.4990 0.4992 0.4993 
0.4987 0.4990 0.4992 0.4993 
0.4984 0.4988 0.4990 0.4991 
0.4985 0.4988 0.4990 0.4991 
0.4985 0.4988 0.4990 0.4991 
0.4986 0.4989 0.4991 0.4992 
0.4964 0.4957 0.4952 0.4946 
0.4966 0.4959 0.4953 0.4948 
0.4967 0.4961 0.4954 0.4949 
0.4968 0.4961 0.4955 0.4949 
0.4962 0.4955 0.4949 0.4943 
0.4964 0.4957 0.4950 0.4944 
0.4965 0.4958 0.4951 0.4945 
0.4966 0.4959 0.4952 0.4946 
0.4960 0.4953 0.4946 0.4940 
0.4962 0.4955 0.4948 0.4942 
0.4963 0.4956 0.4949 0.4943 
0.4964 0.4957 0.4950 0.4943 
0.4959 0.4952 0.4945 0.4939 
0.4961 0.4954 0.4947 0.4940 
0.4962 0.4955 0.4948 0.4941 
0.4963 0.4956 0.4948 0.4942 
0.4976 0.4972 0.4969 0.4966 
0.4979 0.4975 0.4971 0.4968 
0.4980 0.4977 0.4973 0.4970 
0.4981 0.4978 0.4974 0.4971 
0.4973 0.4968 0.4964 0.4960 
0.4975 0.4971 0.4966 0.4963 
0.4977 0.4972 0.4968 0.4964 
0.4978 0.4973 0.4969 0.4965 
0.4969 0.4964 0.4960 0.4955 
0.4972 0.4967 0.4962 0.4957 
0.4973 0.4968 0.4963 0.4959 
0.4974 0.4969 0.4964 0.4959 
0.4966 0.4961 0.4955 0.4950 
0.4969 0.4963 0.4957 0.4952 
0.4970 0.4964 0.4958 0.4953 
0.4971 0.4965 0.4959 0.4954 
0.4989 0.4988 0.4987 0.4986 
0.4991 0.4991 0.4990 0.4989 
0.4993 0.4993 0.4992 0.4991 
0.4994 0.4994 0.4993 0.4992 
0.4986 0.4984 0.4983 0.4982 
0.4988 0.4987 0.4986 0.4984 
0.4990 0.4989 0.4988 0.4986 
0.4991 0.4990 0.4989 0.4987 
0.4982 0.4980 0.4978 0.4977 
0.4985 0.4983 0.4981 0.4979 
0.4987 0.4985 0.4983 0.4981 
0.4988 0.4986 0.4984 0.4982 
0.4979 0.4976 0.4974 0.4971 
0.4982 0.4979 0.4976 0.4974 
0.4984 0.4981 0.4978 0.4976 
0.4985 0.4982 0.4979 0.4977 
0.5001 0.5002 0.5003 0.5004 
0.5004 0.5005 0.5006 0.5007 
0.5006 0.5007 0.5008 0.5009 
0.5007 0.5008 0.5009 0.5010 
0.4998 0.4998 0.4999 0.5000 
0.5001 0.5001 0.5002 0.5003 
0.5002 0.5003 0.5004 0.5005 
0.5003 0.5004 0.5005 0.5006 
0.4995 0.4995 0.4995 0.4995 
0.4997 0.4998 0.4998 0.4998 
0.4999 0.5000 0.5000 0.5000 
0.5000 0.5001 0.5001 0.5002 
0.4992 0.4991 0.4991 0.4991 
0.4994 0.4994 0.4994 0.4994 
0.4996 0.4996 0.4996 0.4996 
0.4997 0.4997 0.4997 0.4997 
0.5018 0.5020 0.5021 0.5023 
0.5020 0.5022 0.5024 0.5026 
0.5022 0.5024 0.5026 0.5028 
0.5023 0.5025 0.5027 0.5029 
0.5013 0.5015 0.5016 0.5018 
0.5016 0.5017 0.5019 0.5021 
0.5017 0.5019 0.5021 0.5023 
0.5018 0.5020 0.5022 0.5024 
0.5009 0.5010 0.5012 0.5013 
0.5011 0.5013 0.5015 0.5016 
0.5013 0.5015 0.5016 0.5018 
0.5014 0.5016 0.5017 0.5019 
0.5005 0.5006 0.5007 0.5008 
0.5007 0.5009 0.5010 0.5011 
0.5009 0.5011 0.5012 0.5013 
0.5010 0.5012 0.5013 0.5014 
0.5037 0.5040 0.5042 0.5045 
0.5040 0.5043 0.5045 0.5048 
0.5041 0.5044 0.5047 0.5050 
0.5042 0.5045 0.5048 0.5051 
0.5032 0.5035 0.5037 0.5039 
0.5035 0.5037 0.5040 0.5042 
0.5036 0.5039 0.5042 0.5044 
0.5037 0.5040 0.5043 0.5045 
0.5027 0.5030 0.5032 0.5033 
0.5030 0.5032 0.5034 0.5036 
0.5031 0.5034 0.5036 0.5038 
0.5032 0.5035 0.5037 0.5040 
0.5022 0.5024 0.5026 0.5028 
0.5025 0.5027 0.5029 0.5031 
0.5027 0.5029 0.5031 0.5033 
0.5027 0.5030 0.5032 0.5034 
0.5053 0.5057 0.5062 0.5065 
0.5056 0.5061 0.5065 0.5069 
0.5058 0.5063 0.5067 0.5071 
0.5059 0.5064 0.5068 0.5072 
0.5050 0.5054 0.5057 0.5061 
0.5052 0.5057 0.5061 0.5064 
0.5054 0.5059 0.5063 0.5066 
0.5055 0.5060 0.5064 0.5068 
0.5046 0.5049 0.5053 0.5056 
0.5049 0.5052 0.5056 0.5059 
0.5050 0.5054 0.5058 0.5061 
0.5051 0.5055 0.5059 0.5062 
0.5042 0.5045 0.5048 0.5050 
0.5044 0.5048 0.5051 0.5054 
0.5046 0.5050 0.5053 0.5056 
0.5047 0.5051 0.5054 0.5057 
0.5060 0.5065 0.5070 0.5075 
0.5063 0.5069 0.5074 0.5079 
0.5065 0.5071 0.5076 0.5081 
0.5066 0.5072 0.5078 0.5082 
0.5059 0.5065 0.5069 0.5074 
0.5062 0.5068 0.5073 0.5078 
0.5064 0.5070 0.5075 0.5080 
0.5065 0.5071 0.5077 0.5081 
0.5058 0.5063 0.5068 0.5072 
0.5061 0.5066 0.5071 0.5075 
0.5063 0.5068 0.5073 0.5078 
0.5064 0.5070 0.5075 0.5079 
0.5056 0.5061 0.5065 0.5069 
0.5059 0.5064 0.5068 0.5072 
0.5061 0.5066 0.5071 0.5075 
0.5062 0.5067 0.5072 0.5076 
0.4952 0.4947 0.4943 0.4938 
0.4955 0.4950 0.4945 0.4940 
0.4958 0.4952 0.4947 0.4942 
0.4961 0.4955 0.4949 0.4944 
0.4951 0.4945 0.4940 0.4936 
0.4953 0.4948 0.4942 0.4938 
0.4956 0.4950 0.4944 0.4939 
0.4959 0.4953 0.4947 0.4941 
0.4949 0.4944 0.4939 0.4934 
0.4952 0.4946 0.4941 0.4936 
0.4955 0.4949 0.4943 0.4937 
0.4958 0.4951 0.4945 0.4939 
0.4949 0.4943 0.4938 0.4933 
0.4952 0.4945 0.4940 0.4935 
0.4954 0.4948 0.4942 0.4936 
0.4957 0.4950 0.4944 0.4938 
0.4961 0.4958 0.4956 0.4953 
0.4965 0.4962 0.4959 0.4956 
0.4969 0.4966 0.4963 0.4960 
0.4973 0.4969 0.4966 0.4963 
0.4959 0.4955 0.4952 0.4949 
0.4962 0.4959 0.4955 0.4952 
0.4966 0.4962 0.4958 0.4955 
0.4970 0.4965 0.4961 0.4958 
0.4956 0.4952 0.4948 0.4945 
0.4960 0.4955 0.4951 0.4948 
0.4963 0.4959 0.4954 0.4950 
0.4967 0.4962 0.4957 0.4953 
0.4954 0.4949 0.4945 0.4942 
0.4957 0.4952 0.4948 0.4944 
0.4961 0.4955 0.4950 0.4946 
0.4964 0.4958 0.4953 0.4948 
0.4972 0.4971 0.4971 0.4970 
0.4977 0.4976 0.4975 0.4974 
0.4981 0.4980 0.4979 0.4979 
0.4985 0.4984 0.4983 0.4983 
0.4970 0.4968 0.4967 0.4966 
0.4974 0.4972 0.4971 0.4970 
0.4978 0.4977 0.4975 0.4974 
0.4982 0.4981 0.4979 0.4978 
0.4967 0.4965 0.4963 0.4962 
0.4971 0.4969 0.4967 0.4966 
0.4975 0.4973 0.4971 0.4969 
0.4979 0.4977 0.4975 0.4973 
0.4964 0.4962 0.4959 0.4957 
0.4968 0.4965 0.4963 0.4961 
0.4972 0.4969 0.4967 0.4965 
0.4976 0.4973 0.4970 0.4968 
0.4986 0.4986 0.4986 0.4986 
0.4990 0.4990 0.4991 0.4991 
0.4994 0.4995 0.4995 0.4996 
0.4998 0.4999 0.5000 0.5000 
0.4982 0.4982 0.4982 0.4982 
0.4987 0.4987 0.4987 0.4987 
0.4991 0.4991 0.4991 0.4992 
0.4994 0.4995 0.4995 0.4996 
0.4979 0.4978 0.4978 0.4978 
0.4983 0.4983 0.4983 0.4983 
0.4987 0.4987 0.4987 0.4987 
0.4991 0.4991 0.4991 0.4992 
0.4976 0.4975 0.4974 0.4974 
0.4980 0.4979 0.4979 0.4979 
0.4984 0.4984 0.4983 0.4983 
0.4988 0.4988 0.4988 0.4987 
0.5003 0.5004 0.5004 0.5005 
0.5007 0.5008 0.5009 0.5010 
0.5011 0.5012 0.5014 0.5014 
0.5015 0.5016 0.5018 0.5019 
0.4999 0.4999 0.4999 0.5000 
0.5003 0.5003 0.5004 0.5005 
0.5007 0.5008 0.5009 0.5010 
0.5010 0.5011 0.5013 0.5014 
0.4994 0.4994 0.4995 0.4995 
0.4998 0.4999 0.4999 0.5000 
0.5002 0.5003 0.5004 0.5005 
0.5006 0.5007 0.5008 0.5009 
0.4990 0.4990 0.4990 0.4991 
0.4994 0.4995 0.4995 0.4995 
0.4998 0.4999 0.5000 0.5000 
0.5002 0.5003 0.5004 0.5005 
0.5021 0.5023 0.5024 0.5025 
0.5026 0.5028 0.5029 0.5031 
0.5030 0.5032 0.5034 0.5036 
0.5034 0.5036 0.5039 0.5041 
0.5017 0.5018 0.5019 0.5020 
0.5021 0.5023 0.5024 0.5025 
0.5025 0.5027 0.5029 0.5031 
0.5029 0.5031 0.5033 0.5035 
0.5012 0.5013 0.5014 0.5015 
0.5017 0.5018 0.5019 0.5020 
0.5021 0.5022 0.5024 0.5025 
0.5024 0.5026 0.5028 0.5030 
0.5008 0.5008 0.5009 0.5010 
0.5012 0.5013 0.5014 0.5015 
0.5016 0.5017 0.5019 0.5020 
0.5019 0.5021 0.5023 0.5024 
0.5035 0.5038 0.5041 0.5043 
0.5040 0.5044 0.5047 0.5049 
0.5045 0.5049 0.5052 0.5055 
0.5049 0.5053 0.5057 0.5061 
0.5032 0.5035 0.5037 0.5039 
0.5037 0.5040 0.5043 0.5045 
0.5042 0.5045 0.5048 0.5051 
0.5046 0.5050 0.5053 0.5056 
0.5029 0.5031 0.5033 0.5035 
0.5034 0.5036 0.5039 0.5041 
0.5038 0.5041 0.5044 0.5046 
0.5042 0.5046 0.5049 0.5051 
0.5025 0.5027 0.5029 0.5030 
0.5030 0.5032 0.5034 0.5036 
0.5034 0.5037 0.5039 0.5041 
0.5038 0.5041 0.5044 0.5046 
0.5040 0.5044 0.5048 0.5051 
0.5046 0.5051 0.5055 0.5058 
0.5051 0.5056 0.5061 0.5064 
0.5056 0.5061 0.5066 0.5070 
0.5040 0.5044 0.5047 0.5050 
0.5046 0.5050 0.5054 0.5057 
0.5051 0.5055 0.5060 0.5064 
0.5055 0.5060 0.5065 0.5069 
0.5039 0.5042 0.5046 0.5049 
0.5044 0.5048 0.5052 0.5055 
0.5049 0.5054 0.5058 0.5062 
0.5054 0.5059 0.5063 0.5067 
0.5037 0.5040 0.5044 0.5046 
0.5042 0.5046 0.5050 0.5053 
0.5048 0.5052 0.5056 0.5059 
0.5052 0.5056 0.5061 0.5064 
0.4943 0.4940 0.4938 0.4936 
0.4944 0.4941 0.4938 0.4936 
0.4947 0.4943 0.4939 0.4936 
0.4949 0.4945 0.4941 0.4937 
0.4942 0.4939 0.4937 0.4934 
0.4943 0.4940 0.4937 0.4934 
0.4945 0.4941 0.4937 0.4934 
0.4948 0.4943 0.4939 0.4935 
0.4941 0.4938 0.4936 0.4933 
0.4943 0.4939 0.4936 0.4933 
0.4944 0.4940 0.4936 0.4933 
0.4947 0.4942 0.4937 0.4933 
0.4941 0.4938 0.4935 0.4933 
0.4942 0.4939 0.4935 0.4932 
0.4944 0.4940 0.4936 0.4932 
0.4946 0.4941 0.4937 0.4932 
0.4949 0.4947 0.4946 0.4945 
0.4951 0.4949 0.4947 0.4946 
0.4954 0.4952 0.4950 0.4948 
0.4958 0.4955 0.4952 0.4950 
0.4947 0.4945 0.4943 0.4942 
0.4949 0.4947 0.4945 0.4943 
0.4952 0.4949 0.4947 0.4944 
0.4955 0.4952 0.4949 0.4947 
0.4945 0.4943 0.4941 0.4940 
0.4947 0.4945 0.4942 0.4940 
0.4950 0.4947 0.4944 0.4941 
0.4953 0.4949 0.4946 0.4943 
0.4944 0.4942 0.4939 0.4938 
0.4946 0.4943 0.4940 0.4938 
0.4948 0.4945 0.4941 0.4938 
0.4951 0.4947 0.4943 0.4940 
0.4958 0.4957 0.4956 0.4956 
0.4961 0.4960 0.4959 0.4959 
0.4964 0.4963 0.4963 0.4962 
0.4968 0.4967 0.4966 0.4966 
0.4955 0.4954 0.4953 0.4953 
0.4958 0.4957 0.4956 0.4955 
0.4962 0.4960 0.4959 0.4958 
0.4965 0.4964 0.4963 0.4962 
0.4953 0.4952 0.4951 0.4950 
0.4956 0.4954 0.4953 0.4952 
0.4959 0.4957 0.4956 0.4955 
0.4963 0.4961 0.4959 0.4958 
0.4951 0.4949 0.4948 0.4947 
0.4953 0.4952 0.4950 0.4949 
0.4956 0.4954 0.4953 0.4951 
0.4960 0.4958 0.4956 0.4954 
0.4971 0.4970 0.4969 0.4969 
0.4974 0.4974 0.4973 0.4973 
0.4978 0.4977 0.4977 0.4977 
0.4982 0.4982 0.4982 0.4981 
0.4967 0.4966 0.4966 0.4965 
0.4970 0.4970 0.4969 0.4969 
0.4974 0.4974 0.4973 0.4973 
0.4978 0.4978 0.4978 0.4977 
0.4964 0.4963 0.4963 0.4962 
0.4967 0.4966 0.4966 0.4965 
0.4971 0.4970 0.4970 0.4969 
0.4975 0.4974 0.4974 0.4973 
0.4961 0.4960 0.4959 0.4959 
0.4964 0.4963 0.4962 0.4962 
0.4967 0.4967 0.4966 0.4965 
0.4971 0.4971 0.4970 0.4970 
0.4987 0.4986 0.4986 0.4985 
0.4991 0.4990 0.4990 0.4989 
0.4995 0.4995 0.4994 0.4994 
0.4999 0.4999 0.4999 0.4999 
0.4983 0.4982 0.4981 0.4980 
0.4987 0.4986 0.4985 0.4985 
0.4990 0.4990 0.4990 0.4990 
0.4994 0.4994 0.4995 0.4995 
0.4979 0.4978 0.4977 0.4976 
0.4982 0.4982 0.4981 0.4981 
0.4986 0.4986 0.4985 0.4985 
0.4990 0.4990 0.4990 0.4990 
0.4975 0.4974 0.4973 0.4973 
0.4978 0.4978 0.4977 0.4976 
0.4982 0.4981 0.4981 0.4981 
0.4986 0.4986 0.4986 0.4986 
0.5003 0.5003 0.5002 0.5002 
0.5007 0.5007 0.5008 0.5007 
0.5012 0.5012 0.5013 0.5013 
0.5017 0.5018 0.5018 0.5019 
0.4999 0.4999 0.4998 0.4998 
0.5003 0.5003 0.5003 0.5003 
0.5008 0.5008 0.5008 0.5008 
0.5012 0.5013 0.5014 0.5014 
0.4996 0.4995 0.4994 0.4993 
0.4999 0.4999 0.4999 0.4998 
0.5004 0.5004 0.5004 0.5004 
0.5008 0.5009 0.5009 0.5009 
0.4992 0.4991 0.4990 0.4989 
0.4995 0.4995 0.4994 0.4994 
0.4999 0.4999 0.4999 0.4999 
0.5004 0.5004 0.5004 0.5004 
0.5013 0.5014 0.5016 0.5017 
0.5018 0.5020 0.5022 0.5023 
0.5024 0.5026 0.5028 0.5030 
0.5029 0.5032 0.5034 0.5036 
0.5011 0.5012 0.5013 0.5013 
0.5016 0.5018 0.5019 0.5020 
0.5021 0.5023 0.5025 0.5026 
0.5027 0.5029 0.5031 0.5033 
0.5009 0.5009 0.5010 0.5010 
0.5014 0.5015 0.5015 0.5016 
0.5019 0.5020 0.5021 0.5022 
0.5024 0.5026 0.5027 0.5028 
0.5006 0.5006 0.5006 0.5006 
0.5011 0.5011 0.5012 0.5012 
0.5015 0.5016 0.5017 0.5018 
0.5020 0.5022 0.5023 0.5024 
0.5017 0.5019 0.5021 0.5023 
0.5023 0.5025 0.5028 0.5030 
0.5028 0.5032 0.5034 0.5037 
0.5035 0.5038 0.5041 0.5044 
0.5016 0.5019 0.5021 0.5022 
0.5022 0.5025 0.5027 0.5029 
0.5028 0.5031 0.5034 0.5036 
0.5034 0.5037 0.5041 0.5043 
0.5016 0.5018 0.5020 0.5021 
0.5021 0.5024 0.5026 0.5028 
0.5027 0.5030 0.5032 0.5035 
0.5033 0.5036 0.5039 0.5042 
0.5015 0.5016 0.5018 0.5019 
0.5020 0.5022 0.5024 0.5026 
0.5026 0.5028 0.5030 0.5032 
0.5031 0.5034 0.5037 0.5039 
0.4941 0.4942 0.4942 0.4942 
0.4941 0.4941 0.4940 0.4940 
0.4941 0.4940 0.4939 0.4938 
0.4942 0.4940 0.4938 0.4937 
0.4941 0.4941 0.4942 0.4942 
0.4940 0.4940 0.4940 0.4939 
0.4940 0.4939 0.4938 0.4937 
0.4941 0.4939 0.4937 0.4935 
0.4941 0.4941 0.4941 0.4941 
0.4940 0.4940 0.4939 0.4939 
0.4940 0.4939 0.4937 0.4936 
0.4940 0.4938 0.4936 0.4935 
0.4940 0.4941 0.4941 0.4941 
0.4940 0.4939 0.4939 0.4939 
0.4940 0.4938 0.4937 0.4936 
0.4940 0.4938 0.4936 0.4934 
0.4944 0.4945 0.4945 0.4946 
0.4945 0.4945 0.4945 0.4945 
0.4945 0.4945 0.4944 0.4944 
0.4947 0.4946 0.4945 0.4944 
0.4943 0.4944 0.4944 0.4945 
0.4943 0.4943 0.4943 0.4943 
0.4944 0.4943 0.4943 0.4942 
0.4945 0.4944 0.4943 0.4942 
0.4942 0.4943 0.4943 0.4944 
0.4942 0.4942 0.4942 0.4942 
0.4943 0.4942 0.4941 0.4941 
0.4944 0.4942 0.4941 0.4940 
0.4942 0.4942 0.4943 0.4943 
0.4942 0.4941 0.4941 0.4941 
0.4942 0.4941 0.4940 0.4939 
0.4943 0.4941 0.4939 0.4938 
0.4951 0.4951 0.4951 0.4951 
0.4952 0.4952 0.4952 0.4952 
0.4953 0.4953 0.4953 0.4952 
0.4955 0.4955 0.4954 0.4954 
0.4949 0.4949 0.4950 0.4950 
0.4950 0.4950 0.4950 0.4950 
0.4951 0.4951 0.4950 0.4950 
0.4953 0.4952 0.4952 0.4951 
0.4947 0.4948 0.4948 0.4948 
0.4948 0.4948 0.4948 0.4948 
0.4949 0.4948 0.4948 0.4948 
0.4951 0.4950 0.4949 0.4949 
0.4946 0.4946 0.4947 0.4947 
0.4946 0.4946 0.4946 0.4946 
0.4947 0.4947 0.4946 0.4946 
0.4949 0.4948 0.4947 0.4946 
0.4963 0.4962 0.4961 0.4960 
0.4964 0.4963 0.4962 0.4961 
0.4966 0.4965 0.4964 0.4963 
0.4968 0.4967 0.4966 0.4966 
0.4959 0.4959 0.4958 0.4957 
0.4961 0.4960 0.4959 0.4959 
0.4962 0.4961 0.4961 0.4960 
0.4964 0.4964 0.4963 0.4962 
0.4956 0.4956 0.4956 0.4955 
0.4957 0.4957 0.4956 0.4956 
0.4959 0.4958 0.4958 0.4957 
0.4961 0.4960 0.4960 0.4959 
0.4953 0.4953 0.4953 0.4953 
0.4955 0.4954 0.4954 0.4954 
0.4956 0.4956 0.4955 0.4955 
0.4958 0.4957 0.4957 0.4957 
0.4977 0.4975 0.4973 0.4972 
0.4979 0.4977 0.4976 0.4974 
0.4981 0.4980 0.4978 0.4977 
0.4984 0.4983 0.4982 0.4981 
0.4973 0.4972 0.4970 0.4969 
0.4975 0.4974 0.4972 0.4971 
0.4977 0.4976 0.4975 0.4973 
0.4980 0.4979 0.4978 0.4977 
0.4970 0.4968 0.4967 0.4965 
0.4971 0.4970 0.4969 0.4967 
0.4973 0.4972 0.4971 0.4970 
0.4976 0.4975 0.4974 0.4973 
0.4966 0.4965 0.4964 0.4963 
0.4968 0.4966 0.4965 0.4964 
0.4970 0.4968 0.4967 0.4966 
0.4972 0.4971 0.4970 0.4969 
0.4989 0.4988 0.4987 0.4986 
0.4992 0.4991 0.4990 0.4989 
0.4995 0.4994 0.4993 0.4993 
0.4999 0.4998 0.4998 0.4997 
0.4986 0.4985 0.4984 0.4982 
0.4989 0.4988 0.4986 0.4985 
0.4992 0.4991 0.4990 0.4989 
0.4995 0.4995 0.4994 0.4993 
0.4983 0.4982 0.4980 0.4979 
0.4986 0.4984 0.4983 0.4981 
0.4989 0.4987 0.4986 0.4985 
0.4992 0.4991 0.4990 0.4989 
0.4980 0.4979 0.4977 0.4975 
0.4982 0.4981 0.4979 0.4978 
0.4985 0.4984 0.4982 0.4981 
0.4988 0.4987 0.4986 0.4985 
0.4996 0.4996 0.4997 0.4997 
0.4999 0.5000 0.5001 0.5001 
0.5003 0.5004 0.5005 0.5005 
0.5008 0.5009 0.5010 0.5011 
0.4994 0.4995 0.4995 0.4995 
0.4998 0.4998 0.4998 0.4998 
0.5002 0.5002 0.5003 0.5003 
0.5006 0.5007 0.5008 0.5008 
0.4993 0.4993 0.4992 0.4992 
0.4996 0.4996 0.4996 0.4995 
0.5000 0.5000 0.5000 0.5000 
0.5004 0.5004 0.5005 0.5005 
0.4991 0.4990 0.4990 0.4989 
0.4994 0.4994 0.4993 0.4992 
0.4998 0.4997 0.4997 0.4996 
0.5002 0.5002 0.5001 0.5001 
0.4998 0.5000 0.5001 0.5002 
0.5002 0.5004 0.5005 0.5006 
0.5006 0.5008 0.5010 0.5011 
0.5011 0.5013 0.5015 0.5017 
0.4998 0.4999 0.5001 0.5002 
0.5002 0.5003 0.5005 0.5006 
0.5006 0.5008 0.5009 0.5011 
0.5011 0.5013 0.5015 0.5016 
0.4997 0.4999 0.5000 0.5001 
0.5001 0.5003 0.5004 0.5005 
0.5005 0.5007 0.5008 0.5009 
0.5010 0.5012 0.5014 0.5015 
0.4997 0.4998 0.4998 0.4999 
0.5000 0.5001 0.5002 0.5003 
0.5005 0.5006 0.5007 0.5008 
0.5009 0.5011 0.5012 0.5013 
0.4945 0.4948 0.4951 0.4953 
0.4944 0.4947 0.4949 0.4951 
0.4943 0.4945 0.4946 0.4948 
0.4942 0.4943 0.4944 0.4945 
0.4945 0.4948 0.4951 0.4954 
0.4944 0.4946 0.4949 0.4951 
0.4943 0.4945 0.4946 0.4948 
0.4942 0.4943 0.4944 0.4945 
0.4945 0.4948 0.4951 0.4954 
0.4944 0.4946 0.4949 0.4951 
0.4943 0.4944 0.4946 0.4947 
0.4941 0.4943 0.4944 0.4944 
0.4945 0.4949 0.4951 0.4954 
0.4944 0.4946 0.4949 0.4951 
0.4943 0.4944 0.4946 0.4947 
0.4941 0.4942 0.4943 0.4944 
0.4946 0.4949 0.4951 0.4953 
0.4946 0.4948 0.4949 0.4951 
0.4945 0.4946 0.4948 0.4949 
0.4944 0.4946 0.4947 0.4947 
0.4946 0.4948 0.4951 0.4953 
0.4945 0.4947 0.4949 0.4951 
0.4944 0.4946 0.4947 0.4949 
0.4944 0.4945 0.4946 0.4947 
0.4946 0.4948 0.4951 0.4953 
0.4945 0.4947 0.4949 0.4951 
0.4944 0.4945 0.4947 0.4948 
0.4943 0.4944 0.4945 0.4946 
0.4945 0.4948 0.4951 0.4953 
0.4944 0.4947 0.4949 0.4951 
0.4943 0.4945 0.4947 0.4948 
0.4942 0.4943 0.4945 0.4945 
0.4951 0.4952 0.4953 0.4954 
0.4951 0.4951 0.4952 0.4953 
0.4950 0.4951 0.4952 0.4952 
0.4951 0.4951 0.4951 0.4952 
0.4949 0.4951 0.4952 0.4953 
0.4949 0.4950 0.4951 0.4952 
0.4949 0.4950 0.4950 0.4951 
0.4949 0.4949 0.4950 0.4950 
0.4948 0.4950 0.4951 0.4953 
0.4947 0.4949 0.4950 0.4952 
0.4947 0.4948 0.4949 0.4950 
0.4947 0.4948 0.4949 0.4949 
0.4947 0.4949 0.4951 0.4953 
0.4946 0.4948 0.4950 0.4951 
0.4946 0.4947 0.4949 0.4950 
0.4946 0.4947 0.4947 0.4948 
0.4961 0.4960 0.4959 0.4958 
0.4961 0.4960 0.4959 0.4958 
0.4961 0.4960 0.4959 0.4958 
0.4962 0.4961 0.4960 0.4959 
0.4958 0.4958 0.4957 0.4957 
0.4958 0.4957 0.4957 0.4957 
0.4958 0.4958 0.4957 0.4956 
0.4958 0.4958 0.4957 0.4957 
0.4955 0.4955 0.4956 0.4955 
0.4955 0.4955 0.4955 0.4955 
0.4955 0.4955 0.4955 0.4955 
0.4956 0.4955 0.4955 0.4955 
0.4953 0.4954 0.4954 0.4954 
0.4953 0.4953 0.4954 0.4954 
0.4953 0.4953 0.4953 0.4953 
0.4953 0.4953 0.4953 0.4953 
0.4972 0.4971 0.4969 0.4967 
0.4973 0.4971 0.4970 0.4968 
0.4974 0.4972 0.4970 0.4969 
0.4975 0.4973 0.4972 0.4970 
0.4969 0.4968 0.4966 0.4965 
0.4970 0.4968 0.4967 0.4965 
0.4971 0.4969 0.4967 0.4966 
0.4972 0.4970 0.4969 0.4967 
0.4966 0.4965 0.4964 0.4962 
0.4967 0.4965 0.4964 0.4963 
0.4967 0.4966 0.4965 0.4963 
0.4968 0.4967 0.4965 0.4964 
0.4964 0.4963 0.4961 0.4960 
0.4964 0.4963 0.4962 0.4960 
0.4964 0.4963 0.4962 0.4961 
0.4965 0.4964 0.4963 0.4961 
0.4981 0.4980 0.4980 0.4979 
0.4983 0.4982 0.4981 0.4980 
0.4984 0.4983 0.4982 0.4981 
0.4986 0.4985 0.4984 0.4983 
0.4979 0.4978 0.4977 0.4976 
0.4981 0.4979 0.4978 0.4977 
0.4982 0.4981 0.4979 0.4978 
0.4984 0.4983 0.4981 0.4980 
0.4977 0.4976 0.4974 0.4973 
0.4978 0.4977 0.4975 0.4974 
0.4980 0.4978 0.4976 0.4975 
0.4981 0.4980 0.4978 0.4976 
0.4975 0.4973 0.4972 0.4970 
0.4976 0.4974 0.4972 0.4971 
0.4977 0.4975 0.4973 0.4972 
0.4978 0.4977 0.4975 0.4973 
0.4985 0.4987 0.4988 0.4988 
0.4987 0.4988 0.4989 0.4990 
0.4990 0.4991 0.4991 0.4991 
0.4992 0.4993 0.4994 0.4994 
0.4984 0.4985 0.4986 0.4986 
0.4986 0.4987 0.4987 0.4988 
0.4989 0.4989 0.4989 0.4989 
0.4991 0.4992 0.4992 0.4992 
0.4984 0.4984 0.4984 0.4984 
0.4985 0.4986 0.4985 0.4985 
0.4988 0.4988 0.4987 0.4987 
0.4990 0.4990 0.4990 0.4989 
0.4982 0.4982 0.4982 0.4981 
0.4984 0.4984 0.4983 0.4982 
0.4986 0.4986 0.4985 0.4984 
0.4988 0.4988 0.4987 0.4986 
0.4986 0.4989 0.4991 0.4993 
0.4988 0.4991 0.4993 0.4994 
0.4991 0.4993 0.4995 0.4996 
0.4994 0.4996 0.4998 0.4999 
0.4986 0.4989 0.4991 0.4992 
0.4988 0.4991 0.4992 0.4994 
0.4991 0.4993 0.4995 0.4996 
0.4994 0.4996 0.4997 0.4998 
0.4986 0.4988 0.4990 0.4991 
0.4988 0.4990 0.4992 0.4993 
0.4991 0.4992 0.4994 0.4995 
0.4994 0.4995 0.4996 0.4997 
0.4986 0.4987 0.4989 0.4990 
0.4988 0.4989 0.4991 0.4991 
0.4990 0.4992 0.4993 0.4993 
0.4993 0.4994 0.4995 0.4996 
0.4951 0.4956 0.4960 0.4963 
0.4950 0.4954 0.4958 0.4961 
0.4948 0.4952 0.4956 0.4959 
0.4947 0.4950 0.4953 0.4956 
0.4951 0.4956 0.4960 0.4964 
0.4950 0.4954 0.4958 0.4962 
0.4948 0.4952 0.4956 0.4959 
0.4947 0.4950 0.4954 0.4957 
0.4951 0.4956 0.4961 0.4965 
0.4950 0.4955 0.4959 0.4962 
0.4949 0.4953 0.4956 0.4960 
0.4947 0.4951 0.4954 0.4957 
0.4952 0.4957 0.4961 0.4965 
0.4950 0.4955 0.4959 0.4963 
0.4949 0.4953 0.4956 0.4960 
0.4947 0.4951 0.4954 0.4957 
0.4950 0.4954 0.4957 0.4959 
0.4949 0.4952 0.4955 0.4958 
0.4948 0.4951 0.4954 0.4956 
0.4947 0.4950 0.4952 0.4955 
0.4950 0.4954 0.4957 0.4960 
0.4949 0.4953 0.4956 0.4959 
0.4948 0.4951 0.4954 0.4957 
0.4947 0.4950 0.4953 0.4955 
0.4950 0.4954 0.4958 0.4961 
0.4949 0.4953 0.4956 0.4959 
0.4948 0.4951 0.4955 0.4958 
0.4947 0.4950 0.4953 0.4955 
0.4951 0.4955 0.4959 0.4962 
0.4949 0.4953 0.4957 0.4960 
0.4948 0.4952 0.4955 0.4958 
0.4947 0.4950 0.4953 0.4956 
0.4954 0.4955 0.4956 0.4957 
0.4953 0.4954 0.4955 0.4956 
0.4952 0.4953 0.4955 0.4955 
0.4952 0.4953 0.4954 0.4955 
0.4952 0.4954 0.4956 0.4957 
0.4951 0.4953 0.4955 0.4956 
0.4951 0.4952 0.4954 0.4955 
0.4950 0.4952 0.4953 0.4954 
0.4951 0.4954 0.4956 0.4957 
0.4950 0.4953 0.4955 0.4956 
0.4950 0.4952 0.4954 0.4955 
0.4949 0.4951 0.4953 0.4954 
0.4951 0.4953 0.4956 0.4958 
0.4950 0.4952 0.4955 0.4957 
0.4949 0.4951 0.4954 0.4956 
0.4948 0.4950 0.4952 0.4954 
0.4962 0.4961 0.4961 0.4960 
0.4961 0.4961 0.4960 0.4959 
0.4961 0.4960 0.4960 0.4959 
0.4961 0.4960 0.4959 0.4959 
0.4959 0.4959 0.4959 0.4958 
0.4959 0.4959 0.4958 0.4958 
0.4958 0.4958 0.4958 0.4958 
0.4958 0.4958 0.4958 0.4957 
0.4957 0.4958 0.4958 0.4958 
0.4957 0.4957 0.4957 0.4957 
0.4956 0.4956 0.4957 0.4957 
0.4956 0.4956 0.4956 0.4956 
0.4955 0.4956 0.4957 0.4957 
0.4955 0.4955 0.4956 0.4956 
0.4954 0.4955 0.4955 0.4956 
0.4953 0.4954 0.4955 0.4955 
0.4970 0.4970 0.4968 0.4967 
0.4971 0.4970 0.4968 0.4967 
0.4971 0.4970 0.4969 0.4967 
0.4972 0.4970 0.4969 0.4967 
0.4968 0.4967 0.4966 0.4965 
0.4969 0.4967 0.4966 0.4965 
0.4969 0.4968 0.4966 0.4965 
0.4969 0.4968 0.4966 0.4965 
0.4966 0.4965 0.4964 0.4963 
0.4966 0.4965 0.4964 0.4963 
0.4966 0.4965 0.4964 0.4963 
0.4966 0.4965 0.4964 0.4962 
0.4964 0.4963 0.4962 0.4961 
0.4964 0.4963 0.4962 0.4961 
0.4964 0.4963 0.4962 0.4961 
0.4963 0.4963 0.4962 0.4960 
0.4976 0.4976 0.4977 0.4977 
0.4977 0.4977 0.4977 0.4977 
0.4978 0.4978 0.4978 0.4977 
0.4980 0.4979 0.4979 0.4978 
0.4975 0.4975 0.4975 0.4974 
0.4976 0.4976 0.4975 0.4975 
0.4977 0.4976 0.4976 0.4975 
0.4978 0.4977 0.4976 0.4975 
0.4974 0.4973 0.4973 0.4972 
0.4974 0.4974 0.4973 0.4972 
0.4975 0.4974 0.4973 0.4972 
0.4976 0.4975 0.4974 0.4972 
0.4972 0.4971 0.4971 0.4970 
0.4973 0.4972 0.4971 0.4970 
0.4973 0.4972 0.4971 0.4970 
0.4974 0.4973 0.4971 0.4970 
0.4977 0.4980 0.4983 0.4985 
0.4979 0.4982 0.4984 0.4986 
0.4981 0.4983 0.4985 0.4987 
0.4983 0.4985 0.4986 0.4987 
0.4977 0.4980 0.4982 0.4983 
0.4979 0.4981 0.4983 0.4984 
0.4981 0.4982 0.4984 0.4985 
0.4983 0.4984 0.4985 0.4985 
0.4977 0.4979 0.4980 0.4981 
0.4979 0.4980 0.4981 0.4982 
0.4980 0.4981 0.4982 0.4982 
0.4982 0.4983 0.4983 0.4983 
0.4976 0.4978 0.4979 0.4979 
0.4978 0.4979 0.4979 0.4980 
0.4979 0.4980 0.4980 0.4980 
0.4981 0.4981 0.4981 0.4981 
0.4977 0.4982 0.4986 0.4989 
0.4980 0.4984 0.4987 0.4990 
0.4982 0.4985 0.4988 0.4991 
0.4984 0.4987 0.4990 0.4992 
0.4978 0.4982 0.4986 0.4989 
0.4980 0.4983 0.4987 0.4990 
0.4982 0.4985 0.4988 0.4990 
0.4984 0.4987 0.4989 0.4991 
0.4978 0.4981 0.4985 0.4988 
0.4980 0.4983 0.4986 0.4989 
0.4982 0.4985 0.4987 0.4989 
0.4984 0.4986 0.4989 0.4990 
0.4977 0.4981 0.4984 0.4987 
0.4980 0.4983 0.4985 0.4987 
0.4981 0.4984 0.4986 0.4988 
0.4983 0.4986 0.4988 0.4989 
0.4955 0.4961 0.4966 0.4970 
0.4954 0.4960 0.4965 0.4969 
0.4953 0.4959 0.4963 0.4967 
0.4952 0.4957 0.4962 0.4965 
0.4956 0.4962 0.4967 0.4972 
0.4955 0.4961 0.4966 0.4970 
0.4954 0.4959 0.4964 0.4968 
0.4953 0.4958 0.4962 0.4966 
0.4956 0.4962 0.4968 0.4973 
0.4955 0.4961 0.4966 0.4971 
0.4954 0.4960 0.4965 0.4969 
0.4953 0.4958 0.4963 0.4967 
0.4957 0.4963 0.4968 0.4973 
0.4956 0.4961 0.4967 0.4972 
0.4954 0.4960 0.4965 0.4970 
0.4953 0.4958 0.4963 0.4967 
0.4954 0.4957 0.4960 0.4963 
0.4953 0.4957 0.4960 0.4962 
0.4952 0.4956 0.4959 0.4961 
0.4951 0.4955 0.4958 0.4960 
0.4954 0.4958 0.4962 0.4965 
0.4953 0.4957 0.4961 0.4964 
0.4952 0.4956 0.4960 0.4963 
0.4951 0.4955 0.4959 0.4962 
0.4954 0.4959 0.4963 0.4967 
0.4954 0.4958 0.4962 0.4966 
0.4953 0.4957 0.4961 0.4964 
0.4951 0.4956 0.4960 0.4963 
0.4955 0.4960 0.4965 0.4969 
0.4954 0.4959 0.4963 0.4967 
0.4953 0.4958 0.4962 0.4966 
0.4952 0.4956 0.4961 0.4964 
0.4956 0.4957 0.4958 0.4959 
0.4956 0.4957 0.4958 0.4958 
0.4955 0.4956 0.4957 0.4958 
0.4954 0.4956 0.4957 0.4957 
0.4955 0.4957 0.4958 0.4959 
0.4955 0.4956 0.4958 0.4959 
0.4954 0.4956 0.4957 0.4958 
0.4953 0.4955 0.4956 0.4958 
0.4954 0.4957 0.4959 0.4960 
0.4954 0.4956 0.4958 0.4960 
0.4953 0.4955 0.4957 0.4959 
0.4952 0.4954 0.4957 0.4958 
0.4954 0.4957 0.4959 0.4961 
0.4953 0.4956 0.4959 0.4961 
0.4952 0.4955 0.4958 0.4960 
0.4952 0.4954 0.4957 0.4959 
0.4963 0.4963 0.4962 0.4961 
0.4963 0.4962 0.4962 0.4961 
0.4963 0.4962 0.4961 0.4960 
0.4962 0.4962 0.4961 0.4960 
0.4961 0.4961 0.4961 0.4960 
0.4961 0.4961 0.4960 0.4960 
0.4960 0.4960 0.4960 0.4959 
0.4960 0.4960 0.4959 0.4959 
0.4960 0.4960 0.4959 0.4959 
0.4959 0.4959 0.4959 0.4959 
0.4958 0.4959 0.4959 0.4958 
0.4958 0.4958 0.4958 0.4958 
0.4958 0.4958 0.4959 0.4959 
0.4957 0.4958 0.4958 0.4958 
0.4957 0.4957 0.4958 0.4958 
0.4956 0.4957 0.4957 0.4957 
0.4969 0.4969 0.4968 0.4967 
0.4969 0.4969 0.4968 0.4968 
0.4970 0.4969 0.4968 0.4967 
0.4970 0.4969 0.4968 0.4967 
0.4968 0.4967 0.4967 0.4966 
0.4968 0.4967 0.4967 0.4966 
0.4968 0.4967 0.4967 0.4965 
0.4968 0.4967 0.4966 0.4965 
0.4967 0.4966 0.4965 0.4964 
0.4967 0.4966 0.4965 0.4964 
0.4967 0.4966 0.4965 0.4964 
0.4966 0.4966 0.4964 0.4963 
0.4965 0.4964 0.4963 0.4962 
0.4965 0.4964 0.4963 0.4962 
0.4965 0.4964 0.4963 0.4962 
0.4964 0.4964 0.4963 0.4962 
0.4971 0.4972 0.4974 0.4975 
0.4972 0.4973 0.4975 0.4976 
0.4973 0.4974 0.4975 0.4976 
0.4974 0.4975 0.4976 0.4976 
0.4971 0.4972 0.4973 0.4973 
0.4972 0.4972 0.4973 0.4974 
0.4973 0.4973 0.4974 0.4974 
0.4974 0.4974 0.4974 0.4974 
0.4970 0.4971 0.4971 0.4971 
0.4971 0.4971 0.4972 0.4972 
0.4972 0.4972 0.4972 0.4972 
0.4973 0.4973 0.4972 0.4972 
0.4970 0.4970 0.4970 0.4969 
0.4970 0.4970 0.4970 0.4970 
0.4971 0.4971 0.4970 0.4970 
0.4972 0.4971 0.4970 0.4970 
0.4970 0.4974 0.4978 0.4982 
0.4971 0.4976 0.4979 0.4983 
0.4973 0.4977 0.4981 0.4984 
0.4975 0.4979 0.4982 0.4984 
0.4970 0.4974 0.4977 0.4980 
0.4972 0.4975 0.4978 0.4981 
0.4973 0.4977 0.4980 0.4982 
0.4975 0.4978 0.4981 0.4983 
0.4970 0.4973 0.4976 0.4979 
0.4972 0.4975 0.4977 0.4979 
0.4974 0.4976 0.4978 0.4980 
0.4975 0.4977 0.4979 0.4981 
0.4970 0.4973 0.4975 0.4977 
0.4972 0.4974 0.4976 0.4978 
0.4973 0.4975 0.4977 0.4978 
0.4975 0.4976 0.4978 0.4979 
0.4969 0.4975 0.4980 0.4985 
0.4971 0.4976 0.4982 0.4986 
0.4973 0.4978 0.4983 0.4987 
0.4975 0.4980 0.4984 0.4988 
0.4969 0.4975 0.4980 0.4985 
0.4971 0.4976 0.4981 0.4986 
0.4973 0.4978 0.4983 0.4987 
0.4975 0.4980 0.4984 0.4988 
0.4969 0.4974 0.4980 0.4984 
0.4971 0.4976 0.4981 0.4985 
0.4973 0.4978 0.4982 0.4986 
0.4975 0.4980 0.4984 0.4987 
0.4969 0.4974 0.4979 0.4983 
0.4971 0.4976 0.4980 0.4984 
0.4973 0.4978 0.4982 0.4985 
0.4975 0.4979 0.4983 0.4986 
0.4958 0.4963 0.4969 0.4973 
0.4957 0.4963 0.4968 0.4973 
0.4957 0.4963 0.4968 0.4972 
0.4956 0.4962 0.4967 0.4971 
0.4958 0.4964 0.4970 0.4975 
0.4958 0.4964 0.4970 0.4975 
0.4957 0.4964 0.4969 0.4974 
0.4957 0.4963 0.4968 0.4973 
0.4959 0.4965 0.4971 0.4976 
0.4958 0.4965 0.4971 0.4976 
0.4958 0.4964 0.4970 0.4975 
0.4957 0.4963 0.4969 0.4974 
0.4959 0.4965 0.4971 0.4977 
0.4959 0.4965 0.4971 0.4976 
0.4958 0.4965 0.4970 0.4976 
0.4957 0.4964 0.4970 0.4975 
0.4956 0.4959 0.4962 0.4965 
0.4955 0.4959 0.4962 0.4964 
0.4955 0.4959 0.4962 0.4964 
0.4955 0.4958 0.4961 0.4964 
0.4956 0.4960 0.4964 0.4967 
0.4956 0.4960 0.4963 0.4967 
0.4955 0.4959 0.4963 0.4966 
0.4955 0.4959 0.4962 0.4966 
0.4956 0.4961 0.4965 0.4969 
0.4956 0.4961 0.4965 0.4969 
0.4956 0.4960 0.4965 0.4968 
0.4955 0.4960 0.4964 0.4968 
0.4957 0.4962 0.4967 0.4971 
0.4957 0.4962 0.4967 0.4971 
0.4956 0.4962 0.4966 0.4970 
0.4956 0.4961 0.4966 0.4970 
0.4958 0.4959 0.4959 0.4959 
0.4958 0.4959 0.4959 0.4959 
0.4958 0.4958 0.4959 0.4959 
0.4957 0.4958 0.4959 0.4959 
0.4957 0.4958 0.4959 0.4960 
0.4957 0.4958 0.4959 0.4960 
0.4956 0.4958 0.4959 0.4960 
0.4956 0.4957 0.4959 0.4959 
0.4956 0.4958 0.4960 0.4961 
0.4956 0.4958 0.4960 0.4961 
0.4956 0.4958 0.4959 0.4961 
0.4955 0.4957 0.4959 0.4960 
0.4956 0.4958 0.4961 0.4963 
0.4956 0.4958 0.4961 0.4962 
0.4955 0.4958 0.4960 0.4962 
0.4955 0.4957 0.4960 0.4962 
0.4964 0.4963 0.4962 0.4961 
0.4964 0.4963 0.4962 0.4961 
0.4964 0.4963 0.4962 0.4961 
0.4964 0.4963 0.4962 0.4961 
0.4963 0.4962 0.4961 0.4960 
0.4963 0.4962 0.4961 0.4960 
0.4962 0.4962 0.4961 0.4960 
0.4962 0.4961 0.4961 0.4960 
0.4961 0.4961 0.4960 0.4960 
0.4961 0.4961 0.4960 0.4959 
0.4961 0.4960 0.4960 0.4959 
0.4960 0.4960 0.4960 0.4959 
0.4959 0.4960 0.4960 0.4959 
0.4959 0.4960 0.4959 0.4959 
0.4959 0.4959 0.4959 0.4959 
0.4959 0.4959 0.4959 0.4959 
0.4968 0.4968 0.4968 0.4967 
0.4969 0.4968 0.4968 0.4967 
0.4969 0.4968 0.4968 0.4967 
0.4969 0.4969 0.4968 0.4967 
0.4968 0.4967 0.4967 0.4966 
0.4968 0.4967 0.4967 0.4966 
0.4968 0.4967 0.4967 0.4966 
0.4968 0.4967 0.4967 0.4966 
0.4967 0.4966 0.4965 0.4964 
0.4967 0.4966 0.4965 0.4964 
0.4967 0.4966 0.4965 0.4964 
0.4967 0.4966 0.4965 0.4964 
0.4966 0.4965 0.4964 0.4963 
0.4966 0.4965 0.4964 0.4963 
0.4966 0.4965 0.4964 0.4963 
0.4965 0.4965 0.4964 0.4962 
0.4968 0.4970 0.4972 0.4974 
0.4968 0.4970 0.4972 0.4974 
0.4969 0.4971 0.4973 0.4974 
0.4970 0.4971 0.4973 0.4975 
0.4968 0.4970 0.4971 0.4972 
0.4969 0.4970 0.4971 0.4972 
0.4969 0.4970 0.4972 0.4972 
0.4970 0.4971 0.4972 0.4973 
0.4969 0.4969 0.4970 0.4971 
0.4969 0.4970 0.4970 0.4971 
0.4969 0.4970 0.4970 0.4971 
0.4970 0.4970 0.4971 0.4971 
0.4969 0.4969 0.4969 0.4969 
0.4969 0.4969 0.4969 0.4969 
0.4969 0.4969 0.4969 0.4969 
0.4970 0.4970 0.4969 0.4969 
0.4965 0.4970 0.4975 0.4979 
0.4965 0.4971 0.4975 0.4980 
0.4966 0.4971 0.4976 0.4980 
0.4968 0.4973 0.4977 0.4981 
0.4966 0.4970 0.4974 0.4978 
0.4966 0.4971 0.4975 0.4978 
0.4967 0.4971 0.4975 0.4979 
0.4968 0.4972 0.4976 0.4979 
0.4966 0.4970 0.4974 0.4977 
0.4967 0.4970 0.4974 0.4977 
0.4968 0.4971 0.4974 0.4977 
0.4969 0.4972 0.4975 0.4978 
0.4967 0.4970 0.4973 0.4975 
0.4967 0.4970 0.4973 0.4975 
0.4968 0.4971 0.4974 0.4976 
0.4969 0.4972 0.4974 0.4976 
0.4964 0.4970 0.4976 0.4982 
0.4964 0.4971 0.4977 0.4982 
0.4965 0.4972 0.4978 0.4983 
0.4967 0.4973 0.4979 0.4984 
0.4964 0.4970 0.4976 0.4982 
0.4964 0.4971 0.4977 0.4982 
0.4965 0.4972 0.4977 0.4983 
0.4967 0.4973 0.4979 0.4984 
0.4964 0.4970 0.4976 0.4981 
0.4965 0.4971 0.4976 0.4981 
0.4966 0.4972 0.4977 0.4982 
0.4967 0.4973 0.4978 0.4983 
0.4964 0.4970 0.4975 0.4980 
0.4965 0.4971 0.4976 0.4981 
0.4966 0.4971 0.4977 0.4981 
0.4967 0.4973 0.4978 0.4982 
0.4990 0.4983 0.4977 0.4970 
0.4992 0.4986 0.4979 0.4972 
0.4994 0.4987 0.4981 0.4974 
0.4995 0.4988 0.4982 0.4975 
0.4989 0.4982 0.4976 0.4969 
0.4992 0.4985 0.4978 0.4971 
0.4993 0.4987 0.4979 0.4972 
0.4994 0.4987 0.4980 0.4973 
0.4989 0.4982 0.4975 0.4967 
0.4991 0.4984 0.4977 0.4969 
0.4993 0.4986 0.4978 0.4971 
0.4994 0.4987 0.4979 0.4972 
0.4989 0.4981 0.4974 0.4967 
0.4991 0.4984 0.4976 0.4969 
0.4993 0.4985 0.4978 0.4970 
0.4994 0.4986 0.4979 0.4971 
0.4992 0.4988 0.4984 0.4980 
0.4994 0.4990 0.4986 0.4982 
0.4996 0.4992 0.4988 0.4984 
0.4997 0.4993 0.4989 0.4985 
0.4991 0.4987 0.4982 0.4977 
0.4994 0.4989 0.4984 0.4980 
0.4996 0.4991 0.4986 0.4982 
0.4997 0.4992 0.4987 0.4982 
0.4991 0.4985 0.4980 0.4975 
0.4993 0.4988 0.4983 0.4977 
0.4995 0.4990 0.4984 0.4979 
0.4996 0.4991 0.4985 0.4980 
0.4990 0.4984 0.4978 0.4972 
0.4993 0.4987 0.4981 0.4975 
0.4995 0.4989 0.4983 0.4976 
0.4995 0.4990 0.4983 0.4977 
0.4993 0.4992 0.4990 0.4989 
0.4995 0.4994 0.4993 0.4992 
0.4997 0.4996 0.4995 0.4994 
0.4998 0.4997 0.4996 0.4995 
0.4993 0.4991 0.4989 0.4987 
0.4995 0.4993 0.4991 0.4990 
0.4997 0.4995 0.4993 0.4992 
0.4998 0.4996 0.4994 0.4993 
0.4992 0.4990 0.4987 0.4985 
0.4995 0.4992 0.4990 0.4987 
0.4997 0.4994 0.4992 0.4989 
0.4997 0.4995 0.4993 0.4990 
0.4992 0.4989 0.4985 0.4982 
0.4995 0.4991 0.4988 0.4985 
0.4996 0.4993 0.4990 0.4987 
0.4997 0.4994 0.4991 0.4988 
0.4998 0.4999 0.4999 0.5000 
0.5000 0.5001 0.5002 0.5003 
0.5001 0.5002 0.5003 0.5004 
0.5002 0.5003 0.5004 0.5005 
0.4996 0.4996 0.4997 0.4997 
0.4998 0.4998 0.4999 0.5000 
0.4999 0.5000 0.5001 0.5002 
0.5000 0.5001 0.5002 0.5002 
0.4995 0.4994 0.4994 0.4994 
0.4997 0.4997 0.4997 0.4997 
0.4998 0.4998 0.4998 0.4999 
0.4999 0.4999 0.4999 0.5000 
0.4994 0.4993 0.4992 0.4992 
0.4996 0.4995 0.4995 0.4995 
0.4997 0.4997 0.4997 0.4996 
0.4998 0.4998 0.4998 0.4997 
0.5010 0.5012 0.5014 0.5016 
0.5012 0.5014 0.5016 0.5018 
0.5013 0.5015 0.5017 0.5019 
0.5013 0.5015 0.5018 0.5020 
0.5007 0.5008 0.5010 0.5011 
0.5008 0.5010 0.5012 0.5014 
0.5009 0.5011 0.5013 0.5015 
0.5010 0.5012 0.5014 0.5016 
0.5003 0.5005 0.5006 0.5007 
0.5005 0.5006 0.5008 0.5010 
0.5006 0.5008 0.5009 0.5011 
0.5007 0.5008 0.5010 0.5012 
0.5000 0.5001 0.5002 0.5004 
0.5002 0.5003 0.5005 0.5006 
0.5003 0.5005 0.5006 0.5008 
0.5004 0.5005 0.5007 0.5009 
0.5024 0.5027 0.5031 0.5034 
0.5026 0.5029 0.5033 0.5036 
0.5027 0.5031 0.5034 0.5038 
0.5028 0.5031 0.5035 0.5039 
0.5021 0.5024 0.5027 0.5029 
0.5023 0.5026 0.5029 0.5032 
0.5024 0.5027 0.5030 0.5033 
0.5024 0.5027 0.5031 0.5034 
0.5017 0.5020 0.5022 0.5025 
0.5019 0.5022 0.5024 0.5027 
0.5020 0.5023 0.5026 0.5029 
0.5021 0.5023 0.5026 0.5029 
0.5014 0.5016 0.5018 0.5020 
0.5015 0.5018 0.5020 0.5022 
0.5016 0.5019 0.5021 0.5024 
0.5017 0.5019 0.5022 0.5025 
0.5033 0.5038 0.5043 0.5048 
0.5035 0.5041 0.5046 0.5051 
0.5037 0.5042 0.5047 0.5053 
0.5037 0.5043 0.5048 0.5054 
0.5032 0.5036 0.5041 0.5045 
0.5034 0.5038 0.5043 0.5048 
0.5035 0.5040 0.5045 0.5050 
0.5036 0.5041 0.5046 0.5051 
0.5030 0.5034 0.5038 0.5042 
0.5031 0.5036 0.5040 0.5044 
0.5033 0.5037 0.5042 0.5046 
0.5033 0.5038 0.5042 0.5047 
0.5027 0.5031 0.5035 0.5038 
0.5029 0.5033 0.5037 0.5040 
0.5030 0.5034 0.5038 0.5042 
0.5031 0.5035 0.5039 0.5043 
0.5036 0.5042 0.5048 0.5054 
0.5039 0.5045 0.5051 0.5057 
0.5040 0.5046 0.5053 0.5059 
0.5041 0.5047 0.5054 0.5060 
0.5036 0.5042 0.5048 0.5054 
0.5038 0.5044 0.5050 0.5056 
0.5040 0.5046 0.5052 0.5058 
0.5040 0.5047 0.5053 0.5059 
0.5036 0.5041 0.5047 0.5052 
0.5038 0.5044 0.5049 0.5055 
0.5039 0.5045 0.5051 0.5057 
0.5040 0.5046 0.5052 0.5058 
0.5035 0.5040 0.5045 0.5051 
0.5037 0.5042 0.5048 0.5053 
0.5038 0.5044 0.5050 0.5055 
0.5039 0.5045 0.5050 0.5056 
0.4974 0.4968 0.4963 0.4957 
0.4978 0.4973 0.4967 0.4961 
0.4983 0.4977 0.4970 0.4964 
0.4986 0.4980 0.4974 0.4967 
0.4973 0.4968 0.4962 0.4956 
0.4978 0.4972 0.4966 0.4959 
0.4982 0.4976 0.4969 0.4963 
0.4986 0.4979 0.4973 0.4966 
0.4973 0.4967 0.4961 0.4955 
0.4978 0.4971 0.4965 0.4958 
0.4982 0.4975 0.4968 0.4962 
0.4986 0.4979 0.4972 0.4965 
0.4973 0.4967 0.4961 0.4955 
0.4977 0.4971 0.4964 0.4958 
0.4982 0.4975 0.4968 0.4961 
0.4985 0.4978 0.4971 0.4964 
0.4976 0.4972 0.4968 0.4965 
0.4980 0.4976 0.4972 0.4969 
0.4985 0.4981 0.4977 0.4973 
0.4988 0.4984 0.4980 0.4976 
0.4975 0.4971 0.4967 0.4963 
0.4980 0.4975 0.4971 0.4967 
0.4984 0.4979 0.4975 0.4970 
0.4988 0.4983 0.4979 0.4974 
0.4975 0.4970 0.4965 0.4961 
0.4979 0.4974 0.4969 0.4964 
0.4984 0.4978 0.4973 0.4968 
0.4988 0.4982 0.4977 0.4972 
0.4974 0.4969 0.4964 0.4959 
0.4979 0.4973 0.4968 0.4963 
0.4983 0.4977 0.4972 0.4966 
0.4987 0.4981 0.4975 0.4969 
0.4979 0.4977 0.4975 0.4974 
0.4983 0.4981 0.4979 0.4978 
0.4987 0.4985 0.4983 0.4982 
0.4990 0.4989 0.4987 0.4986 
0.4978 0.4975 0.4973 0.4971 
0.4982 0.4980 0.4977 0.4976 
0.4986 0.4984 0.4982 0.4980 
0.4990 0.4987 0.4985 0.4984 
0.4977 0.4974 0.4971 0.4969 
0.4981 0.4978 0.4976 0.4973 
0.4985 0.4983 0.4980 0.4977 
0.4989 0.4986 0.4984 0.4981 
0.4976 0.4973 0.4970 0.4967 
0.4981 0.4977 0.4974 0.4971 
0.4985 0.4982 0.4978 0.4975 
0.4989 0.4985 0.4982 0.4979 
0.4987 0.4987 0.4986 0.4986 
0.4990 0.4990 0.4990 0.4990 
0.4993 0.4993 0.4993 0.4994 
0.4996 0.4996 0.4997 0.4997 
0.4985 0.4984 0.4983 0.4982 
0.4988 0.4987 0.4987 0.4987 
0.4991 0.4990 0.4990 0.4990 
0.4994 0.4994 0.4994 0.4994 
0.4982 0.4981 0.4980 0.4979 
0.4986 0.4985 0.4984 0.4983 
0.4989 0.4988 0.4988 0.4987 
0.4992 0.4992 0.4991 0.4991 
0.4981 0.4979 0.4977 0.4976 
0.4984 0.4983 0.4982 0.4981 
0.4988 0.4986 0.4985 0.4985 
0.4991 0.4990 0.4989 0.4989 
0.5001 0.5001 0.5002 0.5002 
0.5003 0.5004 0.5005 0.5006 
0.5006 0.5007 0.5008 0.5010 
0.5008 0.5010 0.5011 0.5013 
0.4997 0.4997 0.4998 0.4998 
0.5000 0.5000 0.5001 0.5002 
0.5002 0.5003 0.5004 0.5005 
0.5005 0.5006 0.5007 0.5009 
0.4994 0.4993 0.4994 0.4994 
0.4996 0.4997 0.4997 0.4998 
0.4999 0.4999 0.5000 0.5001 
0.5001 0.5002 0.5003 0.5005 
0.4990 0.4990 0.4990 0.4990 
0.4993 0.4993 0.4993 0.4994 
0.4996 0.4996 0.4997 0.4997 
0.4998 0.4999 0.5000 0.5001 
0.5014 0.5016 0.5018 0.5020 
0.5017 0.5019 0.5022 0.5024 
0.5020 0.5022 0.5025 0.5028 
0.5022 0.5025 0.5028 0.5031 
0.5011 0.5013 0.5014 0.5016 
0.5014 0.5016 0.5018 0.5020 
0.5017 0.5019 0.5021 0.5023 
0.5019 0.5022 0.5024 0.5027 
0.5008 0.5009 0.5010 0.5011 
0.5011 0.5012 0.5014 0.5015 
0.5013 0.5015 0.5017 0.5019 
0.5015 0.5018 0.5020 0.5022 
0.5004 0.5005 0.5006 0.5007 
0.5007 0.5008 0.5009 0.5011 
0.5010 0.5011 0.5013 0.5014 
0.5012 0.5014 0.5016 0.5018 
0.5021 0.5024 0.5028 0.5032 
0.5024 0.5029 0.5033 0.5036 
0.5028 0.5032 0.5037 0.5041 
0.5031 0.5036 0.5040 0.5045 
0.5020 0.5023 0.5026 0.5029 
0.5023 0.5027 0.5030 0.5034 
0.5026 0.5030 0.5034 0.5038 
0.5029 0.5034 0.5038 0.5042 
0.5018 0.5021 0.5024 0.5026 
0.5021 0.5025 0.5028 0.5031 
0.5025 0.5028 0.5032 0.5035 
0.5027 0.5031 0.5035 0.5039 
0.5016 0.5019 0.5021 0.5023 
0.5019 0.5022 0.5025 0.5028 
0.5022 0.5025 0.5029 0.5032 
0.5025 0.5028 0.5032 0.5035 
0.5022 0.5027 0.5032 0.5036 
0.5026 0.5032 0.5037 0.5041 
0.5030 0.5036 0.5041 0.5046 
0.5034 0.5039 0.5045 0.5051 
0.5022 0.5027 0.5031 0.5036 
0.5026 0.5031 0.5036 0.5041 
0.5030 0.5035 0.5041 0.5046 
0.5033 0.5039 0.5045 0.5050 
0.5022 0.5026 0.5031 0.5035 
0.5026 0.5031 0.5035 0.5040 
0.5030 0.5035 0.5040 0.5045 
0.5033 0.5038 0.5044 0.5049 
0.5021 0.5026 0.5030 0.5033 
0.5025 0.5030 0.5034 0.5038 
0.5029 0.5034 0.5038 0.5043 
0.5032 0.5037 0.5042 0.5047 
0.4955 0.4952 0.4949 0.4946 
0.4960 0.4956 0.4952 0.4948 
0.4964 0.4960 0.4955 0.4951 
0.4969 0.4964 0.4959 0.4954 
0.4955 0.4951 0.4948 0.4945 
0.4959 0.4955 0.4951 0.4947 
0.4964 0.4959 0.4954 0.4950 
0.4969 0.4963 0.4958 0.4953 
0.4955 0.4951 0.4948 0.4944 
0.4959 0.4955 0.4951 0.4946 
0.4964 0.4959 0.4954 0.4949 
0.4968 0.4963 0.4957 0.4952 
0.4955 0.4951 0.4947 0.4944 
0.4959 0.4955 0.4950 0.4946 
0.4964 0.4959 0.4954 0.4949 
0.4968 0.4963 0.4957 0.4952 
0.4958 0.4955 0.4953 0.4950 
0.4962 0.4959 0.4956 0.4953 
0.4967 0.4963 0.4960 0.4957 
0.4971 0.4967 0.4964 0.4961 
0.4957 0.4954 0.4951 0.4949 
0.4961 0.4958 0.4955 0.4952 
0.4966 0.4962 0.4958 0.4955 
0.4971 0.4966 0.4962 0.4959 
0.4956 0.4953 0.4950 0.4948 
0.4961 0.4957 0.4953 0.4950 
0.4965 0.4961 0.4957 0.4953 
0.4970 0.4965 0.4961 0.4957 
0.4956 0.4952 0.4949 0.4946 
0.4960 0.4956 0.4952 0.4949 
0.4965 0.4960 0.4956 0.4952 
0.4970 0.4965 0.4960 0.4955 
0.4964 0.4962 0.4960 0.4959 
0.4967 0.4965 0.4963 0.4962 
0.4971 0.4969 0.4967 0.4966 
0.4975 0.4973 0.4971 0.4970 
0.4962 0.4960 0.4958 0.4956 
0.4966 0.4963 0.4961 0.4959 
0.4970 0.4967 0.4965 0.4963 
0.4974 0.4971 0.4969 0.4967 
0.4960 0.4958 0.4956 0.4954 
0.4964 0.4961 0.4959 0.4957 
0.4968 0.4965 0.4963 0.4961 
0.4973 0.4970 0.4967 0.4965 
0.4959 0.4956 0.4954 0.4952 
0.4963 0.4960 0.4957 0.4955 
0.4967 0.4964 0.4961 0.4959 
0.4972 0.4968 0.4965 0.4963 
0.4975 0.4974 0.4973 0.4972 
0.4978 0.4977 0.4976 0.4975 
0.4981 0.4980 0.4979 0.4978 
0.4984 0.4983 0.4982 0.4982 
0.4972 0.4970 0.4969 0.4968 
0.4975 0.4973 0.4972 0.4971 
0.4978 0.4977 0.4975 0.4975 
0.4981 0.4980 0.4979 0.4978 
0.4969 0.4967 0.4966 0.4965 
0.4972 0.4970 0.4969 0.4968 
0.4975 0.4974 0.4972 0.4971 
0.4979 0.4977 0.4976 0.4975 
0.4966 0.4964 0.4963 0.4962 
0.4969 0.4967 0.4966 0.4965 
0.4973 0.4971 0.4970 0.4968 
0.4977 0.4975 0.4973 0.4972 
0.4990 0.4990 0.4989 0.4988 
0.4993 0.4992 0.4992 0.4991 
0.4995 0.4995 0.4995 0.4995 
0.4998 0.4998 0.4998 0.4999 
0.4987 0.4986 0.4985 0.4984 
0.4989 0.4988 0.4988 0.4987 
0.4992 0.4991 0.4991 0.4991 
0.4994 0.4994 0.4994 0.4994 
0.4983 0.4982 0.4981 0.4980 
0.4985 0.4984 0.4984 0.4983 
0.4988 0.4987 0.4987 0.4986 
0.4991 0.4990 0.4990 0.4990 
0.4979 0.4978 0.4977 0.4976 
0.4982 0.4981 0.4980 0.4979 
0.4984 0.4983 0.4983 0.4982 
0.4987 0.4987 0.4986 0.4986 
0.5001 0.5002 0.5003 0.5003 
0.5004 0.5005 0.5006 0.5007 
0.5008 0.5009 0.5010 0.5011 
0.5011 0.5012 0.5014 0.5015 
0.4999 0.5000 0.5000 0.5000 
0.5002 0.5003 0.5003 0.5003 
0.5005 0.5006 0.5007 0.5007 
0.5008 0.5009 0.5010 0.5012 
0.4997 0.4997 0.4996 0.4996 
0.4999 0.5000 0.5000 0.5000 
0.5002 0.5003 0.5003 0.5003 
0.5005 0.5006 0.5007 0.5007 
0.4994 0.4993 0.4993 0.4992 
0.4996 0.4996 0.4996 0.4996 
0.4999 0.4999 0.4999 0.4999 
0.5002 0.5002 0.5003 0.5003 
0.5004 0.5007 0.5009 0.5011 
0.5008 0.5011 0.5014 0.5016 
0.5013 0.5016 0.5019 0.5021 
0.5017 0.5020 0.5023 0.5027 
0.5004 0.5006 0.5008 0.5010 
0.5008 0.5010 0.5013 0.5015 
0.5012 0.5015 0.5017 0.5019 
0.5016 0.5019 0.5022 0.5024 
0.5004 0.5005 0.5007 0.5008 
0.5007 0.5009 0.5011 0.5012 
0.5011 0.5013 0.5015 0.5017 
0.5015 0.5017 0.5020 0.5022 
0.5003 0.5004 0.5005 0.5006 
0.5006 0.5008 0.5009 0.5010 
0.5009 0.5011 0.5013 0.5014 
0.5013 0.5015 0.5017 0.5019 
0.5004 0.5007 0.5011 0.5014 
0.5008 0.5012 0.5016 0.5019 
0.5013 0.5017 0.5021 0.5025 
0.5018 0.5022 0.5027 0.5031 
0.5004 0.5007 0.5011 0.5014 
0.5008 0.5012 0.5016 0.5019 
0.5013 0.5017 0.5021 0.5025 
0.5018 0.5022 0.5026 0.5030 
0.5004 0.5007 0.5010 0.5013 
0.5009 0.5012 0.5015 0.5019 
0.5013 0.5017 0.5021 0.5024 
0.5017 0.5022 0.5026 0.5029 
0.5004 0.5007 0.5010 0.5012 
0.5009 0.5012 0.5015 0.5018 
0.5013 0.5016 0.5020 0.5023 
0.5017 0.5021 0.5025 0.5028 
0.4942 0.4941 0.4941 0.4941 
0.4944 0.4943 0.4942 0.4941 
0.4948 0.4946 0.4944 0.4942 
0.4951 0.4948 0.4946 0.4944 
0.4941 0.4941 0.4941 0.4941 
0.4944 0.4943 0.4942 0.4941 
0.4947 0.4945 0.4943 0.4942 
0.4951 0.4948 0.4945 0.4943 
0.4941 0.4940 0.4940 0.4940 
0.4944 0.4942 0.4941 0.4941 
0.4947 0.4945 0.4943 0.4941 
0.4951 0.4948 0.4945 0.4943 
0.4941 0.4940 0.4940 0.4940 
0.4944 0.4942 0.4941 0.4941 
0.4947 0.4945 0.4943 0.4941 
0.4951 0.4948 0.4945 0.4942 
0.4945 0.4944 0.4944 0.4944 
0.4947 0.4946 0.4945 0.4945 
0.4950 0.4949 0.4947 0.4946 
0.4954 0.4952 0.4950 0.4948 
0.4943 0.4943 0.4943 0.4943 
0.4946 0.4945 0.4944 0.4944 
0.4949 0.4948 0.4946 0.4945 
0.4953 0.4951 0.4948 0.4947 
0.4943 0.4942 0.4942 0.4942 
0.4945 0.4944 0.4943 0.4943 
0.4949 0.4947 0.4945 0.4944 
0.4952 0.4950 0.4947 0.4945 
0.4942 0.4941 0.4941 0.4941 
0.4945 0.4944 0.4943 0.4942 
0.4948 0.4946 0.4944 0.4943 
0.4952 0.4949 0.4947 0.4944 
0.4953 0.4952 0.4951 0.4951 
0.4955 0.4954 0.4953 0.4952 
0.4958 0.4956 0.4955 0.4954 
0.4960 0.4959 0.4957 0.4956 
0.4950 0.4949 0.4949 0.4949 
0.4952 0.4951 0.4950 0.4950 
0.4955 0.4954 0.4952 0.4952 
0.4958 0.4956 0.4955 0.4954 
0.4948 0.4947 0.4947 0.4947 
0.4950 0.4949 0.4948 0.4948 
0.4953 0.4952 0.4950 0.4949 
0.4957 0.4954 0.4953 0.4951 
0.4946 0.4945 0.4945 0.4945 
0.4949 0.4947 0.4947 0.4946 
0.4952 0.4950 0.4949 0.4948 
0.4955 0.4953 0.4951 0.4950 
0.4967 0.4966 0.4965 0.4964 
0.4969 0.4967 0.4966 0.4965 
0.4971 0.4969 0.4968 0.4967 
0.4973 0.4971 0.4970 0.4969 
0.4963 0.4962 0.4961 0.4960 
0.4965 0.4963 0.4962 0.4961 
0.4967 0.4965 0.4964 0.4963 
0.4969 0.4968 0.4966 0.4965 
0.4959 0.4958 0.4957 0.4957 
0.4961 0.4960 0.4959 0.4958 
0.4963 0.4962 0.4961 0.4960 
0.4966 0.4964 0.4963 0.4962 
0.4956 0.4955 0.4954 0.4954 
0.4958 0.4956 0.4956 0.4955 
0.4960 0.4959 0.4957 0.4957 
0.4963 0.4961 0.4960 0.4959 
0.4982 0.4981 0.4980 0.4978 
0.4984 0.4983 0.4982 0.4980 
0.4986 0.4985 0.4984 0.4983 
0.4988 0.4987 0.4986 0.4985 
0.4979 0.4977 0.4976 0.4975 
0.4980 0.4979 0.4978 0.4977 
0.4982 0.4981 0.4980 0.4979 
0.4984 0.4983 0.4982 0.4981 
0.4975 0.4974 0.4972 0.4971 
0.4977 0.4975 0.4974 0.4973 
0.4978 0.4977 0.4976 0.4975 
0.4981 0.4979 0.4978 0.4977 
0.4971 0.4970 0.4968 0.4967 
0.4973 0.4971 0.4970 0.4969 
0.4975 0.4973 0.4972 0.4971 
0.4977 0.4975 0.4974 0.4973 
0.4990 0.4990 0.4990 0.4990 
0.4992 0.4993 0.4993 0.4992 
0.4995 0.4996 0.4996 0.4996 
0.4998 0.4999 0.4999 0.4999 
0.4989 0.4989 0.4988 0.4987 
0.4991 0.4991 0.4991 0.4990 
0.4994 0.4994 0.4993 0.4993 
0.4996 0.4997 0.4996 0.4996 
0.4987 0.4987 0.4986 0.4985 
0.4989 0.4989 0.4988 0.4987 
0.4992 0.4991 0.4991 0.4990 
0.4994 0.4994 0.4993 0.4993 
0.4985 0.4984 0.4983 0.4982 
0.4987 0.4986 0.4985 0.4984 
0.4989 0.4988 0.4987 0.4986 
0.4991 0.4991 0.4990 0.4989 
0.4989 0.4991 0.4993 0.4995 
0.4992 0.4995 0.4997 0.4998 
0.4996 0.4999 0.5001 0.5002 
0.5000 0.5003 0.5005 0.5007 
0.4990 0.4991 0.4993 0.4994 
0.4993 0.4995 0.4996 0.4997 
0.4997 0.4998 0.5000 0.5001 
0.5000 0.5002 0.5004 0.5005 
0.4990 0.4991 0.4992 0.4993 
0.4993 0.4995 0.4996 0.4996 
0.4997 0.4998 0.4999 0.5000 
0.5000 0.5002 0.5003 0.5004 
0.4990 0.4991 0.4991 0.4991 
0.4993 0.4994 0.4994 0.4994 
0.4996 0.4997 0.4998 0.4998 
0.4999 0.5000 0.5001 0.5002 
0.4986 0.4990 0.4993 0.4996 
0.4990 0.4994 0.4997 0.5000 
0.4995 0.4998 0.5001 0.5004 
0.4999 0.5003 0.5006 0.5009 
0.4987 0.4990 0.4993 0.4995 
0.4991 0.4994 0.4997 0.4999 
0.4995 0.4998 0.5001 0.5004 
0.4999 0.5003 0.5006 0.5009 
0.4987 0.4990 0.4993 0.4995 
0.4991 0.4994 0.4997 0.4999 
0.4995 0.4998 0.5001 0.5003 
0.5000 0.5003 0.5006 0.5008 
0.4988 0.4991 0.4993 0.4995 
0.4992 0.4995 0.4997 0.4999 
0.4996 0.4999 0.5001 0.5003 
0.5000 0.5003 0.5005 0.5008 
0.4934 0.4937 0.4939 0.4942 
0.4936 0.4937 0.4939 0.4942 
0.4937 0.4938 0.4940 0.4941 
0.4939 0.4939 0.4940 0.4941 
0.4934 0.4936 0.4939 0.4942 
0.4935 0.4937 0.4939 0.4942 
0.4937 0.4938 0.4939 0.4941 
0.4939 0.4939 0.4940 0.4941 
0.4934 0.4936 0.4939 0.4942 
0.4935 0.4937 0.4939 0.4941 
0.4937 0.4938 0.4939 0.4941 
0.4939 0.4939 0.4940 0.4940 
0.4934 0.4936 0.4939 0.4942 
0.4935 0.4937 0.4939 0.4941 
0.4937 0.4938 0.4939 0.4941 
0.4939 0.4939 0.4939 0.4940 
0.4938 0.4939 0.4942 0.4944 
0.4939 0.4940 0.4942 0.4944 
0.4940 0.4941 0.4942 0.4943 
0.4942 0.4942 0.4943 0.4943 
0.4936 0.4938 0.4941 0.4943 
0.4938 0.4939 0.4941 0.4943 
0.4939 0.4940 0.4941 0.4943 
0.4941 0.4941 0.4942 0.4943 
0.4935 0.4938 0.4940 0.4943 
0.4937 0.4938 0.4940 0.4942 
0.4938 0.4939 0.4940 0.4942 
0.4940 0.4940 0.4941 0.4942 
0.4935 0.4937 0.4940 0.4943 
0.4936 0.4938 0.4940 0.4942 
0.4938 0.4939 0.4940 0.4941 
0.4940 0.4940 0.4940 0.4941 
0.4947 0.4948 0.4949 0.4950 
0.4948 0.4948 0.4949 0.4950 
0.4949 0.4949 0.4949 0.4950 
0.4951 0.4950 0.4950 0.4950 
0.4944 0.4945 0.4946 0.4948 
0.4945 0.4946 0.4947 0.4948 
0.4946 0.4946 0.4947 0.4948 
0.4948 0.4948 0.4948 0.4948 
0.4942 0.4943 0.4944 0.4946 
0.4943 0.4943 0.4945 0.4946 
0.4944 0.4944 0.4945 0.4946 
0.4946 0.4945 0.4946 0.4946 
0.4939 0.4941 0.4943 0.4945 
0.4941 0.4941 0.4943 0.4945 
0.4942 0.4942 0.4943 0.4944 
0.4944 0.4944 0.4944 0.4945 
0.4962 0.4962 0.4962 0.4961 
0.4963 0.4962 0.4962 0.4961 
0.4964 0.4963 0.4962 0.4962 
0.4965 0.4964 0.4963 0.4962 
0.4958 0.4958 0.4958 0.4958 
0.4959 0.4959 0.4958 0.4958 
0.4960 0.4959 0.4959 0.4958 
0.4961 0.4960 0.4960 0.4959 
0.4954 0.4954 0.4955 0.4955 
0.4955 0.4955 0.4955 0.4955 
0.4956 0.4956 0.4955 0.4955 
0.4957 0.4957 0.4956 0.4956 
0.4951 0.4951 0.4952 0.4952 
0.4951 0.4951 0.4952 0.4952 
0.4952 0.4952 0.4952 0.4952 
0.4954 0.4953 0.4953 0.4953 
0.4976 0.4975 0.4975 0.4974 
0.4977 0.4977 0.4976 0.4974 
0.4979 0.4978 0.4977 0.4975 
0.4980 0.4979 0.4978 0.4977 
0.4973 0.4973 0.4972 0.4971 
0.4974 0.4974 0.4973 0.4971 
0.4976 0.4975 0.4973 0.4972 
0.4977 0.4976 0.4975 0.4973 
0.4970 0.4969 0.4969 0.4968 
0.4971 0.4970 0.4969 0.4968 
0.4972 0.4971 0.4970 0.4969 
0.4973 0.4972 0.4971 0.4970 
0.4966 0.4966 0.4965 0.4964 
0.4967 0.4966 0.4966 0.4965 
0.4968 0.4967 0.4966 0.4965 
0.4969 0.4968 0.4967 0.4966 
0.4980 0.4981 0.4981 0.4981 
0.4982 0.4983 0.4983 0.4983 
0.4985 0.4985 0.4985 0.4985 
0.4987 0.4988 0.4988 0.4987 
0.4980 0.4980 0.4980 0.4980 
0.4982 0.4982 0.4982 0.4981 
0.4984 0.4984 0.4984 0.4983 
0.4987 0.4986 0.4986 0.4985 
0.4979 0.4979 0.4979 0.4978 
0.4981 0.4981 0.4980 0.4980 
0.4983 0.4983 0.4982 0.4981 
0.4985 0.4985 0.4984 0.4983 
0.4978 0.4978 0.4977 0.4976 
0.4980 0.4979 0.4978 0.4977 
0.4981 0.4981 0.4980 0.4978 
0.4983 0.4982 0.4981 0.4980 
0.4975 0.4978 0.4981 0.4983 
0.4979 0.4981 0.4984 0.4986 
0.4982 0.4985 0.4987 0.4988 
0.4985 0.4988 0.4990 0.4991 
0.4977 0.4979 0.4982 0.4983 
0.4980 0.4982 0.4984 0.4986 
0.4983 0.4985 0.4987 0.4988 
0.4986 0.4988 0.4990 0.4991 
0.4978 0.4980 0.4982 0.4983 
0.4981 0.4983 0.4984 0.4985 
0.4984 0.4986 0.4987 0.4987 
0.4987 0.4988 0.4989 0.4990 
0.4980 0.4981 0.4982 0.4982 
0.4982 0.4983 0.4984 0.4984 
0.4985 0.4986 0.4986 0.4986 
0.4987 0.4988 0.4989 0.4989 
0.4971 0.4976 0.4979 0.4983 
0.4975 0.4979 0.4983 0.4986 
0.4979 0.4982 0.4986 0.4989 
0.4982 0.4986 0.4989 0.4992 
0.4972 0.4976 0.4980 0.4983 
0.4975 0.4979 0.4983 0.4986 
0.4979 0.4983 0.4986 0.4989 
0.4983 0.4986 0.4989 0.4992 
0.4973 0.4977 0.4980 0.4983 
0.4976 0.4980 0.4983 0.4986 
0.4980 0.4983 0.4986 0.4989 
0.4983 0.4987 0.4989 0.4992 
0.4974 0.4977 0.4981 0.4983 
0.4977 0.4981 0.4983 0.4986 
0.4981 0.4984 0.4986 0.4989 
0.4984 0.4987 0.4990 0.4992 
0.4932 0.4936 0.4941 0.4946 
0.4932 0.4936 0.4941 0.4945 
0.4933 0.4936 0.4940 0.4944 
0.4933 0.4936 0.4940 0.4943 
0.4932 0.4936 0.4941 0.4946 
0.4932 0.4936 0.4941 0.4945 
0.4932 0.4936 0.4940 0.4944 
0.4933 0.4936 0.4940 0.4943 
0.4931 0.4936 0.4941 0.4946 
0.4932 0.4936 0.4941 0.4945 
0.4932 0.4936 0.4940 0.4944 
0.4933 0.4936 0.4940 0.4943 
0.4931 0.4936 0.4941 0.4946 
0.4932 0.4936 0.4941 0.4945 
0.4932 0.4936 0.4940 0.4944 
0.4933 0.4936 0.4940 0.4943 
0.4936 0.4940 0.4943 0.4947 
0.4936 0.4939 0.4943 0.4946 
0.4937 0.4939 0.4942 0.4945 
0.4937 0.4939 0.4942 0.4944 
0.4935 0.4938 0.4942 0.4946 
0.4935 0.4938 0.4942 0.4945 
0.4935 0.4938 0.4941 0.4945 
0.4936 0.4938 0.4941 0.4944 
0.4934 0.4937 0.4942 0.4946 
0.4934 0.4937 0.4941 0.4945 
0.4934 0.4937 0.4941 0.4944 
0.4935 0.4937 0.4940 0.4943 
0.4933 0.4937 0.4941 0.4946 
0.4933 0.4937 0.4941 0.4945 
0.4933 0.4937 0.4940 0.4944 
0.4934 0.4937 0.4940 0.4943 
0.4947 0.4949 0.4950 0.4952 
0.4947 0.4948 0.4950 0.4951 
0.4947 0.4948 0.4949 0.4951 
0.4947 0.4948 0.4949 0.4950 
0.4944 0.4946 0.4948 0.4950 
0.4943 0.4945 0.4947 0.4949 
0.4943 0.4945 0.4947 0.4949 
0.4944 0.4945 0.4946 0.4948 
0.4941 0.4943 0.4946 0.4949 
0.4941 0.4943 0.4945 0.4948 
0.4941 0.4943 0.4945 0.4947 
0.4941 0.4943 0.4945 0.4947 
0.4938 0.4941 0.4944 0.4948 
0.4938 0.4941 0.4944 0.4947 
0.4938 0.4941 0.4943 0.4946 
0.4939 0.4941 0.4943 0.4945 
0.4962 0.4962 0.4962 0.4962 
0.4962 0.4962 0.4962 0.4962 
0.4962 0.4962 0.4961 0.4961 
0.4962 0.4962 0.4961 0.4961 
0.4958 0.4958 0.4959 0.4959 
0.4958 0.4958 0.4958 0.4959 
0.4958 0.4958 0.4958 0.4958 
0.4958 0.4958 0.4958 0.4958 
0.4954 0.4955 0.4956 0.4957 
0.4954 0.4955 0.4955 0.4956 
0.4954 0.4954 0.4955 0.4956 
0.4954 0.4954 0.4955 0.4955 
0.4951 0.4952 0.4953 0.4954 
0.4950 0.4951 0.4952 0.4954 
0.4950 0.4951 0.4952 0.4953 
0.4950 0.4951 0.4952 0.4953 
0.4972 0.4972 0.4972 0.4971 
0.4973 0.4973 0.4972 0.4972 
0.4974 0.4973 0.4973 0.4972 
0.4975 0.4974 0.4974 0.4973 
0.4970 0.4970 0.4970 0.4969 
0.4971 0.4971 0.4970 0.4969 
0.4971 0.4971 0.4971 0.4970 
0.4972 0.4972 0.4971 0.4970 
0.4968 0.4968 0.4967 0.4967 
0.4968 0.4968 0.4968 0.4967 
0.4969 0.4968 0.4968 0.4967 
0.4969 0.4969 0.4968 0.4967 
0.4965 0.4965 0.4965 0.4965 
0.4965 0.4965 0.4965 0.4964 
0.4965 0.4965 0.4965 0.4964 
0.4966 0.4965 0.4965 0.4964 
0.4971 0.4972 0.4974 0.4975 
0.4973 0.4975 0.4976 0.4977 
0.4975 0.4977 0.4978 0.4978 
0.4978 0.4979 0.4979 0.4980 
0.4972 0.4973 0.4974 0.4975 
0.4974 0.4975 0.4976 0.4976 
0.4976 0.4977 0.4977 0.4977 
0.4978 0.4979 0.4979 0.4979 
0.4973 0.4973 0.4974 0.4974 
0.4974 0.4975 0.4975 0.4975 
0.4976 0.4976 0.4976 0.4976 
0.4978 0.4978 0.4978 0.4977 
0.4973 0.4973 0.4973 0.4973 
0.4974 0.4974 0.4974 0.4973 
0.4975 0.4975 0.4975 0.4974 
0.4977 0.4976 0.4976 0.4975 
0.4962 0.4966 0.4970 0.4974 
0.4966 0.4970 0.4973 0.4976 
0.4969 0.4973 0.4976 0.4979 
0.4972 0.4976 0.4978 0.4981 
0.4965 0.4968 0.4971 0.4974 
0.4968 0.4971 0.4974 0.4977 
0.4971 0.4974 0.4977 0.4979 
0.4974 0.4977 0.4979 0.4981 
0.4967 0.4970 0.4972 0.4975 
0.4970 0.4972 0.4975 0.4977 
0.4973 0.4975 0.4977 0.4979 
0.4976 0.4978 0.4979 0.4981 
0.4969 0.4971 0.4973 0.4975 
0.4972 0.4974 0.4975 0.4977 
0.4974 0.4976 0.4978 0.4979 
0.4977 0.4978 0.4980 0.4980 
0.4957 0.4962 0.4968 0.4973 
0.4960 0.4966 0.4971 0.4975 
0.4964 0.4969 0.4974 0.4978 
0.4968 0.4972 0.4977 0.4980 
0.4957 0.4963 0.4968 0.4973 
0.4961 0.4966 0.4971 0.4975 
0.4965 0.4969 0.4974 0.4978 
0.4968 0.4973 0.4977 0.4981 
0.4959 0.4964 0.4969 0.4973 
0.4962 0.4967 0.4971 0.4976 
0.4966 0.4970 0.4974 0.4978 
0.4969 0.4973 0.4977 0.4981 
0.4960 0.4965 0.4969 0.4974 
0.4964 0.4968 0.4972 0.4976 
0.4967 0.4971 0.4975 0.4978 
0.4971 0.4974 0.4978 0.4981 
0.4932 0.4938 0.4944 0.4950 
0.4932 0.4937 0.4943 0.4949 
0.4932 0.4937 0.4942 0.4948 
0.4932 0.4937 0.4942 0.4947 
0.4931 0.4937 0.4943 0.4950 
0.4931 0.4937 0.4943 0.4949 
0.4931 0.4937 0.4942 0.4948 
0.4931 0.4936 0.4942 0.4947 
0.4931 0.4937 0.4943 0.4950 
0.4931 0.4937 0.4943 0.4949 
0.4931 0.4937 0.4942 0.4948 
0.4931 0.4936 0.4942 0.4947 
0.4931 0.4937 0.4943 0.4950 
0.4931 0.4937 0.4943 0.4949 
0.4931 0.4936 0.4942 0.4948 
0.4931 0.4936 0.4942 0.4947 
0.4938 0.4942 0.4946 0.4950 
0.4937 0.4941 0.4945 0.4949 
0.4937 0.4941 0.4945 0.4948 
0.4937 0.4940 0.4944 0.4948 
0.4936 0.4940 0.4945 0.4950 
0.4936 0.4940 0.4944 0.4949 
0.4935 0.4939 0.4944 0.4948 
0.4935 0.4939 0.4943 0.4947 
0.4934 0.4939 0.4944 0.4949 
0.4934 0.4939 0.4944 0.4949 
0.4934 0.4938 0.4943 0.4948 
0.4934 0.4938 0.4942 0.4947 
0.4933 0.4938 0.4944 0.4949 
0.4933 0.4938 0.4943 0.4949 
0.4933 0.4937 0.4943 0.4948 
0.4933 0.4937 0.4942 0.4947 
0.4950 0.4952 0.4954 0.4955 
0.4949 0.4951 0.4953 0.4954 
0.4948 0.4950 0.4952 0.4954 
0.4948 0.4949 0.4951 0.4953 
0.4947 0.4949 0.4951 0.4953 
0.4946 0.4948 0.4950 0.4953 
0.4945 0.4947 0.4950 0.4952 
0.4944 0.4946 0.4949 0.4951 
0.4943 0.4946 0.4949 0.4952 
0.4943 0.4945 0.4948 0.4951 
0.4942 0.4945 0.4947 0.4950 
0.4941 0.4944 0.4947 0.4949 
0.4940 0.4944 0.4947 0.4951 
0.4940 0.4943 0.4947 0.4950 
0.4939 0.4942 0.4946 0.4949 
0.4939 0.4942 0.4945 0.4948 
0.4963 0.4964 0.4964 0.4964 
0.4963 0.4963 0.4963 0.4963 
0.4962 0.4963 0.4963 0.4963 
0.4962 0.4962 0.4962 0.4962 
0.4960 0.4961 0.4961 0.4962 
0.4960 0.4960 0.4961 0.4961 
0.4959 0.4960 0.4960 0.4960 
0.4958 0.4959 0.4959 0.4960 
0.4957 0.4958 0.4959 0.4959 
0.4956 0.4957 0.4958 0.4959 
0.4956 0.4956 0.4957 0.4958 
0.4955 0.4956 0.4957 0.4957 
0.4954 0.4955 0.4956 0.4957 
0.4953 0.4954 0.4955 0.4956 
0.4952 0.4953 0.4955 0.4956 
0.4951 0.4952 0.4954 0.4955 
0.4969 0.4969 0.4969 0.4969 
0.4969 0.4970 0.4970 0.4970 
0.4970 0.4970 0.4970 0.4970 
0.4971 0.4971 0.4971 0.4971 
0.4969 0.4969 0.4969 0.4969 
0.4969 0.4969 0.4969 0.4969 
0.4969 0.4969 0.4969 0.4969 
0.4970 0.4970 0.4969 0.4969 
0.4968 0.4968 0.4968 0.4967 
0.4967 0.4968 0.4968 0.4967 
0.4968 0.4968 0.4967 0.4967 
0.4968 0.4968 0.4967 0.4967 
0.4966 0.4966 0.4966 0.4966 
0.4965 0.4966 0.4966 0.4965 
0.4965 0.4965 0.4965 0.4965 
0.4965 0.4965 0.4965 0.4965 
0.4962 0.4965 0.4967 0.4969 
0.4964 0.4966 0.4968 0.4970 
0.4966 0.4968 0.4970 0.4972 
0.4969 0.4970 0.4972 0.4973 
0.4965 0.4966 0.4968 0.4969 
0.4966 0.4968 0.4969 0.4971 
0.4968 0.4970 0.4971 0.4972 
0.4970 0.4971 0.4972 0.4973 
0.4967 0.4968 0.4969 0.4970 
0.4968 0.4969 0.4970 0.4971 
0.4970 0.4970 0.4971 0.4972 
0.4971 0.4972 0.4972 0.4973 
0.4968 0.4969 0.4969 0.4970 
0.4969 0.4970 0.4970 0.4970 
0.4970 0.4971 0.4971 0.4971 
0.4971 0.4972 0.4972 0.4972 
0.4950 0.4955 0.4960 0.4965 
0.4953 0.4958 0.4962 0.4967 
0.4956 0.4960 0.4965 0.4969 
0.4959 0.4963 0.4968 0.4972 
0.4953 0.4957 0.4962 0.4966 
0.4956 0.4960 0.4964 0.4968 
0.4959 0.4962 0.4966 0.4970 
0.4962 0.4965 0.4969 0.4972 
0.4956 0.4960 0.4963 0.4967 
0.4959 0.4962 0.4965 0.4969 
0.4961 0.4965 0.4968 0.4971 
0.4964 0.4967 0.4970 0.4973 
0.4959 0.4962 0.4965 0.4968 
0.4962 0.4964 0.4967 0.4970 
0.4964 0.4967 0.4969 0.4971 
0.4966 0.4969 0.4971 0.4973 
0.4943 0.4950 0.4956 0.4962 
0.4946 0.4952 0.4959 0.4965 
0.4950 0.4956 0.4962 0.4967 
0.4953 0.4959 0.4965 0.4970 
0.4944 0.4950 0.4956 0.4963 
0.4947 0.4953 0.4959 0.4965 
0.4950 0.4956 0.4962 0.4968 
0.4954 0.4959 0.4965 0.4970 
0.4945 0.4951 0.4957 0.4963 
0.4948 0.4954 0.4960 0.4966 
0.4952 0.4957 0.4963 0.4968 
0.4955 0.4960 0.4966 0.4971 
0.4948 0.4953 0.4958 0.4964 
0.4950 0.4956 0.4961 0.4966 
0.4954 0.4959 0.4964 0.4969 
0.4957 0.4962 0.4967 0.4971 
0.4932 0.4938 0.4945 0.4951 
0.4932 0.4938 0.4945 0.4951 
0.4932 0.4938 0.4944 0.4951 
0.4932 0.4938 0.4944 0.4950 
0.4931 0.4938 0.4945 0.4952 
0.4931 0.4938 0.4945 0.4951 
0.4931 0.4938 0.4944 0.4951 
0.4931 0.4937 0.4944 0.4950 
0.4931 0.4938 0.4945 0.4952 
0.4931 0.4938 0.4945 0.4952 
0.4931 0.4937 0.4944 0.4951 
0.4931 0.4937 0.4944 0.4951 
0.4931 0.4937 0.4945 0.4952 
0.4931 0.4937 0.4944 0.4952 
0.4931 0.4937 0.4944 0.4951 
0.4931 0.4937 0.4944 0.4951 
0.4939 0.4943 0.4948 0.4952 
0.4939 0.4943 0.4948 0.4952 
0.4939 0.4943 0.4947 0.4951 
0.4938 0.4942 0.4947 0.4951 
0.4937 0.4942 0.4947 0.4951 
0.4937 0.4942 0.4946 0.4951 
0.4937 0.4941 0.4946 0.4951 
0.4936 0.4941 0.4946 0.4950 
0.4935 0.4940 0.4946 0.4951 
0.4935 0.4940 0.4946 0.4951 
0.4935 0.4940 0.4945 0.4951 
0.4934 0.4940 0.4945 0.4950 
0.4933 0.4939 0.4945 0.4951 
0.4933 0.4939 0.4945 0.4951 
0.4933 0.4939 0.4945 0.4951 
0.4933 0.4939 0.4944 0.4950 
0.4952 0.4954 0.4956 0.4957 
0.4952 0.4954 0.4955 0.4957 
0.4951 0.4953 0.4955 0.4956 
0.4951 0.4953 0.4954 0.4956 
0.4949 0.4951 0.4953 0.4955 
0.4948 0.4951 0.4953 0.4955 
0.4948 0.4950 0.4953 0.4955 
0.4947 0.4950 0.4952 0.4954 
0.4945 0.4948 0.4951 0.4954 
0.4945 0.4948 0.4951 0.4954 
0.4945 0.4947 0.4950 0.4953 
0.4944 0.4947 0.4950 0.4953 
0.4942 0.4946 0.4949 0.4953 
0.4942 0.4945 0.4949 0.4952 
0.4942 0.4945 0.4949 0.4952 
0.4941 0.4945 0.4948 0.4951 
0.4965 0.4965 0.4965 0.4965 
0.4965 0.4965 0.4965 0.4965 
0.4964 0.4965 0.4965 0.4964 
0.4964 0.4964 0.4964 0.4964 
0.4962 0.4963 0.4963 0.4963 
0.4962 0.4962 0.4963 0.4963 
0.4962 0.4962 0.4962 0.4963 
0.4961 0.4962 0.4962 0.4962 
0.4959 0.4960 0.4961 0.4961 
0.4959 0.4960 0.4960 0.4961 
0.4958 0.4959 0.4960 0.4960 
0.4958 0.4959 0.4959 0.4960 
0.4956 0.4957 0.4958 0.4959 
0.4955 0.4957 0.4958 0.4959 
0.4955 0.4956 0.4957 0.4958 
0.4954 0.4956 0.4957 0.4958 
0.4968 0.4968 0.4968 0.4969 
0.4968 0.4968 0.4968 0.4969 
0.4968 0.4968 0.4969 0.4969 
0.4968 0.4969 0.4969 0.4969 
0.4968 0.4968 0.4968 0.4968 
0.4968 0.4968 0.4968 0.4968 
0.4968 0.4968 0.4969 0.4968 
0.4968 0.4969 0.4969 0.4968 
0.4968 0.4968 0.4968 0.4968 
0.4968 0.4968 0.4968 0.4968 
0.4968 0.4968 0.4968 0.4967 
0.4968 0.4968 0.4968 0.4967 
0.4967 0.4967 0.4967 0.4966 
0.4967 0.4967 0.4967 0.4966 
0.4966 0.4966 0.4966 0.4966 
0.4966 0.4966 0.4966 0.4966 
0.4958 0.4961 0.4963 0.4965 
0.4959 0.4961 0.4963 0.4966 
0.4959 0.4962 0.4964 0.4966 
0.4961 0.4963 0.4965 0.4967 
0.4961 0.4963 0.4965 0.4967 
0.4962 0.4964 0.4965 0.4967 
0.4962 0.4964 0.4966 0.4968 
0.4964 0.4965 0.4967 0.4968 
0.4964 0.4965 0.4967 0.4968 
0.4964 0.4966 0.4967 0.4968 
0.4965 0.4966 0.4967 0.4968 
0.4966 0.4967 0.4968 0.4969 
0.4966 0.4967 0.4968 0.4968 
0.4966 0.4967 0.4968 0.4968 
0.4967 0.4968 0.4968 0.4969 
0.4967 0.4968 0.4969 0.4969 
0.4944 0.4949 0.4954 0.4960 
0.4945 0.4950 0.4955 0.4960 
0.4946 0.4951 0.4956 0.4961 
0.4948 0.4953 0.4958 0.4963 
0.4947 0.4952 0.4956 0.4961 
0.4948 0.4952 0.4957 0.4962 
0.4949 0.4954 0.4958 0.4963 
0.4951 0.4955 0.4960 0.4964 
0.4951 0.4955 0.4959 0.4962 
0.4951 0.4955 0.4959 0.4963 
0.4953 0.4956 0.4960 0.4964 
0.4954 0.4958 0.4962 0.4965 
0.4955 0.4958 0.4961 0.4964 
0.4955 0.4958 0.4961 0.4964 
0.4956 0.4959 0.4962 0.4965 
0.4958 0.4960 0.4963 0.4966 
0.4936 0.4943 0.4950 0.4957 
0.4937 0.4944 0.4950 0.4957 
0.4939 0.4945 0.4952 0.4959 
0.4941 0.4947 0.4954 0.4960 
0.4937 0.4944 0.4950 0.4957 
0.4938 0.4944 0.4951 0.4958 
0.4939 0.4946 0.4952 0.4959 
0.4941 0.4948 0.4954 0.4961 
0.4939 0.4945 0.4951 0.4958 
0.4939 0.4946 0.4952 0.4958 
0.4941 0.4947 0.4953 0.4959 
0.4943 0.4949 0.4955 0.4961 
0.4941 0.4947 0.4953 0.4959 
0.4942 0.4947 0.4953 0.4959 
0.4943 0.4949 0.4954 0.4960 
0.4945 0.4951 0.4956 0.4962 
0.5013 0.5007 0.5002 0.4996 
0.5015 0.5010 0.5004 0.4998 
0.5017 0.5012 0.5006 0.5000 
0.5018 0.5012 0.5007 0.5001 
0.5013 0.5008 0.5002 0.4996 
0.5016 0.5010 0.5004 0.4998 
0.5018 0.5012 0.5006 0.5000 
0.5018 0.5013 0.5007 0.5001 
0.5014 0.5008 0.5002 0.4995 
0.5016 0.5011 0.5004 0.4998 
0.5018 0.5012 0.5006 0.5000 
0.5019 0.5013 0.5007 0.5001 
0.5014 0.5008 0.5002 0.4995 
0.5016 0.5011 0.5004 0.4998 
0.5018 0.5012 0.5006 0.5000 
0.5019 0.5013 0.5007 0.5001 
0.5008 0.5004 0.5000 0.4996 
0.5010 0.5006 0.5002 0.4998 
0.5012 0.5008 0.5004 0.5000 
0.5012 0.5008 0.5005 0.5001 
0.5010 0.5005 0.5001 0.4996 
0.5012 0.5007 0.5003 0.4998 
0.5013 0.5009 0.5005 0.5000 
0.5014 0.5010 0.5005 0.5001 
0.5011 0.5006 0.5001 0.4996 
0.5013 0.5008 0.5004 0.4999 
0.5015 0.5010 0.5005 0.5000 
0.5016 0.5011 0.5006 0.5001 
0.5012 0.5007 0.5001 0.4996 
0.5014 0.5009 0.5004 0.4998 
0.5016 0.5011 0.5006 0.5000 
0.5017 0.5012 0.5007 0.5001 
0.5002 0.4999 0.4997 0.4995 
0.5003 0.5001 0.4999 0.4997 
0.5004 0.5002 0.5000 0.4998 
0.5005 0.5002 0.5001 0.4999 
0.5003 0.5000 0.4997 0.4995 
0.5005 0.5002 0.4999 0.4997 
0.5006 0.5003 0.5001 0.4999 
0.5006 0.5004 0.5001 0.4999 
0.5005 0.5001 0.4998 0.4995 
0.5007 0.5003 0.5000 0.4997 
0.5008 0.5005 0.5002 0.4999 
0.5008 0.5005 0.5003 0.5000 
0.5007 0.5003 0.4999 0.4995 
0.5008 0.5005 0.5001 0.4998 
0.5010 0.5006 0.5003 0.5000 
0.5010 0.5007 0.5004 0.5000 
0.5000 0.4999 0.4998 0.4998 
0.5001 0.5000 0.5000 0.5000 
0.5001 0.5001 0.5000 0.5001 
0.5002 0.5001 0.5001 0.5001 
0.5000 0.4998 0.4997 0.4996 
0.5001 0.4999 0.4999 0.4998 
0.5001 0.5000 0.5000 0.4999 
0.5002 0.5001 0.5000 0.5000 
0.5000 0.4998 0.4996 0.4995 
0.5001 0.4999 0.4998 0.4997 
0.5002 0.5000 0.4999 0.4999 
0.5002 0.5001 0.5000 0.4999 
0.5001 0.4998 0.4996 0.4995 
0.5002 0.5000 0.4998 0.4997 
0.5003 0.5001 0.4999 0.4998 
0.5003 0.5001 0.5000 0.4999 
0.5006 0.5006 0.5007 0.5009 
0.5006 0.5007 0.5008 0.5010 
0.5007 0.5008 0.5009 0.5011 
0.5007 0.5008 0.5010 0.5011 
0.5004 0.5004 0.5004 0.5005 
0.5004 0.5005 0.5006 0.5007 
0.5005 0.5005 0.5006 0.5008 
0.5005 0.5006 0.5007 0.5008 
0.5002 0.5002 0.5002 0.5002 
0.5003 0.5003 0.5003 0.5004 
0.5003 0.5003 0.5004 0.5005 
0.5004 0.5004 0.5004 0.5005 
0.5001 0.5000 0.5000 0.5000 
0.5002 0.5001 0.5001 0.5001 
0.5002 0.5002 0.5002 0.5002 
0.5002 0.5002 0.5002 0.5003 
0.5012 0.5015 0.5018 0.5021 
0.5013 0.5016 0.5019 0.5022 
0.5014 0.5017 0.5020 0.5023 
0.5014 0.5017 0.5021 0.5024 
0.5011 0.5013 0.5016 0.5018 
0.5012 0.5014 0.5017 0.5020 
0.5012 0.5015 0.5018 0.5021 
0.5013 0.5015 0.5018 0.5021 
0.5009 0.5011 0.5013 0.5015 
0.5010 0.5012 0.5014 0.5016 
0.5011 0.5013 0.5015 0.5017 
0.5011 0.5013 0.5015 0.5018 
0.5007 0.5009 0.5010 0.5012 
0.5008 0.5010 0.5011 0.5013 
0.5009 0.5010 0.5012 0.5014 
0.5009 0.5011 0.5012 0.5015 
0.5013 0.5018 0.5023 0.5028 
0.5015 0.5020 0.5025 0.5030 
0.5015 0.5021 0.5026 0.5031 
0.5016 0.5021 0.5027 0.5032 
0.5013 0.5018 0.5023 0.5027 
0.5015 0.5019 0.5024 0.5029 
0.5016 0.5020 0.5025 0.5030 
0.5016 0.5021 0.5026 0.5031 
0.5013 0.5017 0.5021 0.5026 
0.5014 0.5019 0.5023 0.5027 
0.5015 0.5020 0.5024 0.5028 
0.5016 0.5020 0.5024 0.5029 
0.5013 0.5016 0.5020 0.5023 
0.5014 0.5018 0.5021 0.5025 
0.5015 0.5018 0.5022 0.5026 
0.5015 0.5019 0.5023 0.5027 
0.5012 0.5018 0.5024 0.5030 
0.5014 0.5020 0.5026 0.5032 
0.5015 0.5021 0.5027 0.5034 
0.5015 0.5022 0.5028 0.5034 
0.5012 0.5018 0.5024 0.5030 
0.5014 0.5020 0.5026 0.5032 
0.5015 0.5021 0.5027 0.5033 
0.5015 0.5022 0.5028 0.5034 
0.5012 0.5018 0.5024 0.5030 
0.5014 0.5020 0.5026 0.5032 
0.5015 0.5021 0.5027 0.5033 
0.5016 0.5022 0.5028 0.5034 
0.5013 0.5018 0.5024 0.5029 
0.5014 0.5020 0.5025 0.5031 
0.5015 0.5021 0.5027 0.5032 
0.5016 0.5022 0.5027 0.5033 
0.4996 0.4991 0.4985 0.4979 
0.5001 0.4996 0.4990 0.4984 
0.5006 0.5000 0.4994 0.4989 
0.5010 0.5004 0.4998 0.4993 
0.4996 0.4991 0.4985 0.4979 
0.5002 0.4996 0.4990 0.4984 
0.5006 0.5000 0.4995 0.4988 
0.5010 0.5004 0.4999 0.4992 
0.4997 0.4991 0.4985 0.4979 
0.5002 0.4996 0.4990 0.4984 
0.5006 0.5001 0.4995 0.4988 
0.5010 0.5005 0.4999 0.4992 
0.4997 0.4991 0.4985 0.4979 
0.5002 0.4996 0.4990 0.4984 
0.5007 0.5001 0.4995 0.4988 
0.5011 0.5005 0.4999 0.4992 
0.4994 0.4989 0.4985 0.4980 
0.4998 0.4994 0.4989 0.4985 
0.5002 0.4998 0.4993 0.4989 
0.5006 0.5001 0.4997 0.4993 
0.4995 0.4990 0.4985 0.4980 
0.4999 0.4994 0.4989 0.4985 
0.5003 0.4998 0.4994 0.4989 
0.5007 0.5002 0.4997 0.4993 
0.4995 0.4990 0.4985 0.4980 
0.5000 0.4995 0.4990 0.4984 
0.5004 0.4999 0.4994 0.4989 
0.5008 0.5003 0.4998 0.4993 
0.4996 0.4990 0.4985 0.4980 
0.5001 0.4995 0.4990 0.4984 
0.5005 0.5000 0.4994 0.4989 
0.5009 0.5004 0.4998 0.4993 
0.4992 0.4988 0.4985 0.4982 
0.4995 0.4991 0.4988 0.4985 
0.4998 0.4994 0.4991 0.4989 
0.5000 0.4997 0.4994 0.4992 
0.4992 0.4988 0.4984 0.4981 
0.4996 0.4992 0.4988 0.4985 
0.4999 0.4995 0.4992 0.4989 
0.5001 0.4998 0.4995 0.4992 
0.4993 0.4988 0.4984 0.4981 
0.4996 0.4992 0.4988 0.4985 
0.5000 0.4996 0.4992 0.4989 
0.5003 0.4999 0.4995 0.4992 
0.4994 0.4989 0.4984 0.4980 
0.4997 0.4993 0.4989 0.4985 
0.5001 0.4997 0.4993 0.4989 
0.5004 0.5000 0.4996 0.4992 
0.4994 0.4992 0.4990 0.4988 
0.4996 0.4994 0.4992 0.4991 
0.4997 0.4996 0.4994 0.4994 
0.4999 0.4997 0.4996 0.4996 
0.4993 0.4990 0.4988 0.4986 
0.4995 0.4992 0.4990 0.4989 
0.4997 0.4995 0.4993 0.4992 
0.4998 0.4997 0.4995 0.4994 
0.4992 0.4989 0.4986 0.4984 
0.4995 0.4992 0.4989 0.4987 
0.4997 0.4994 0.4992 0.4990 
0.4998 0.4996 0.4994 0.4993 
0.4992 0.4988 0.4985 0.4983 
0.4995 0.4991 0.4988 0.4986 
0.4997 0.4994 0.4991 0.4989 
0.4999 0.4996 0.4994 0.4992 
0.5001 0.5000 0.5000 0.5000 
0.5002 0.5002 0.5002 0.5003 
0.5003 0.5004 0.5004 0.5005 
0.5005 0.5005 0.5006 0.5007 
0.4999 0.4998 0.4997 0.4997 
0.5000 0.5000 0.4999 0.5000 
0.5002 0.5001 0.5001 0.5002 
0.5003 0.5003 0.5003 0.5004 
0.4997 0.4996 0.4995 0.4994 
0.4999 0.4997 0.4997 0.4996 
0.5000 0.4999 0.4999 0.4999 
0.5001 0.5001 0.5000 0.5001 
0.4995 0.4994 0.4992 0.4991 
0.4997 0.4995 0.4994 0.4993 
0.4998 0.4997 0.4996 0.4996 
0.5000 0.4999 0.4998 0.4998 
0.5005 0.5008 0.5010 0.5012 
0.5007 0.5010 0.5012 0.5014 
0.5009 0.5012 0.5014 0.5017 
0.5011 0.5013 0.5016 0.5019 
0.5005 0.5006 0.5008 0.5009 
0.5007 0.5008 0.5010 0.5012 
0.5008 0.5010 0.5012 0.5014 
0.5010 0.5012 0.5014 0.5016 
0.5004 0.5005 0.5006 0.5007 
0.5005 0.5007 0.5008 0.5009 
0.5007 0.5008 0.5010 0.5011 
0.5008 0.5010 0.5011 0.5013 
0.5002 0.5003 0.5003 0.5004 
0.5004 0.5004 0.5005 0.5006 
0.5005 0.5006 0.5007 0.5008 
0.5006 0.5007 0.5009 0.5010 
0.5004 0.5008 0.5012 0.5017 
0.5007 0.5011 0.5016 0.5020 
0.5009 0.5014 0.5019 0.5023 
0.5011 0.5016 0.5021 0.5026 
0.5005 0.5009 0.5012 0.5016 
0.5007 0.5011 0.5015 0.5019 
0.5010 0.5014 0.5018 0.5022 
0.5012 0.5016 0.5020 0.5025 
0.5005 0.5009 0.5012 0.5015 
0.5008 0.5011 0.5015 0.5018 
0.5010 0.5014 0.5017 0.5021 
0.5012 0.5016 0.5019 0.5023 
0.5006 0.5008 0.5011 0.5014 
0.5008 0.5011 0.5014 0.5017 
0.5010 0.5013 0.5016 0.5019 
0.5011 0.5015 0.5018 0.5021 
0.5001 0.5007 0.5012 0.5017 
0.5005 0.5010 0.5016 0.5021 
0.5007 0.5013 0.5019 0.5025 
0.5010 0.5016 0.5022 0.5028 
0.5002 0.5007 0.5012 0.5017 
0.5005 0.5010 0.5016 0.5021 
0.5008 0.5013 0.5019 0.5024 
0.5010 0.5016 0.5022 0.5028 
0.5002 0.5007 0.5012 0.5017 
0.5005 0.5011 0.5016 0.5021 
0.5008 0.5014 0.5019 0.5024 
0.5011 0.5016 0.5022 0.5027 
0.5003 0.5008 0.5012 0.5017 
0.5006 0.5011 0.5016 0.5021 
0.5009 0.5014 0.5019 0.5024 
0.5011 0.5016 0.5022 0.5027 
0.4973 0.4968 0.4963 0.4959 
0.4979 0.4974 0.4969 0.4964 
0.4985 0.4980 0.4974 0.4969 
0.4991 0.4985 0.4980 0.4974 
0.4972 0.4968 0.4963 0.4959 
0.4979 0.4974 0.4969 0.4964 
0.4985 0.4980 0.4974 0.4969 
0.4991 0.4985 0.4980 0.4974 
0.4972 0.4968 0.4963 0.4959 
0.4979 0.4974 0.4969 0.4964 
0.4985 0.4979 0.4974 0.4969 
0.4991 0.4985 0.4980 0.4974 
0.4972 0.4967 0.4963 0.4959 
0.4979 0.4973 0.4968 0.4964 
0.4985 0.4979 0.4974 0.4969 
0.4991 0.4985 0.4980 0.4974 
0.4974 0.4969 0.4965 0.4961 
0.4980 0.4975 0.4970 0.4966 
0.4985 0.4980 0.4975 0.4971 
0.4990 0.4985 0.4980 0.4975 
0.4974 0.4969 0.4964 0.4961 
0.4979 0.4974 0.4970 0.4965 
0.4985 0.4980 0.4975 0.4970 
0.4990 0.4985 0.4980 0.4975 
0.4973 0.4968 0.4964 0.4960 
0.4979 0.4974 0.4969 0.4965 
0.4985 0.4980 0.4975 0.4970 
0.4990 0.4985 0.4980 0.4975 
0.4973 0.4968 0.4964 0.4960 
0.4979 0.4974 0.4969 0.4964 
0.4985 0.4980 0.4974 0.4970 
0.4991 0.4985 0.4980 0.4975 
0.4978 0.4973 0.4970 0.4966 
0.4982 0.4977 0.4973 0.4970 
0.4985 0.4981 0.4977 0.4974 
0.4989 0.4985 0.4981 0.4978 
0.4977 0.4972 0.4968 0.4965 
0.4981 0.4976 0.4972 0.4969 
0.4985 0.4980 0.4976 0.4973 
0.4989 0.4984 0.4980 0.4977 
0.4976 0.4971 0.4967 0.4963 
0.4980 0.4975 0.4971 0.4967 
0.4985 0.4980 0.4976 0.4972 
0.4989 0.4984 0.4980 0.4976 
0.4975 0.4970 0.4966 0.4962 
0.4980 0.4975 0.4970 0.4967 
0.4985 0.4980 0.4975 0.4971 
0.4989 0.4984 0.4980 0.4976 
0.4985 0.4982 0.4979 0.4977 
0.4988 0.4985 0.4982 0.4980 
0.4990 0.4987 0.4985 0.4983 
0.4992 0.4989 0.4987 0.4985 
0.4983 0.4980 0.4977 0.4974 
0.4986 0.4982 0.4979 0.4977 
0.4988 0.4985 0.4982 0.4980 
0.4991 0.4988 0.4985 0.4983 
0.4981 0.4977 0.4974 0.4971 
0.4984 0.4980 0.4977 0.4974 
0.4987 0.4983 0.4980 0.4977 
0.4990 0.4986 0.4983 0.4981 
0.4979 0.4975 0.4972 0.4969 
0.4983 0.4979 0.4975 0.4972 
0.4986 0.4982 0.4978 0.4975 
0.4989 0.4985 0.4982 0.4979 
0.4994 0.4993 0.4992 0.4991 
0.4996 0.4995 0.4994 0.4993 
0.4998 0.4997 0.4996 0.4996 
0.4999 0.4999 0.4998 0.4998 
0.4992 0.4990 0.4989 0.4988 
0.4994 0.4992 0.4991 0.4990 
0.4996 0.4994 0.4993 0.4992 
0.4997 0.4996 0.4995 0.4995 
0.4990 0.4988 0.4986 0.4984 
0.4992 0.4990 0.4988 0.4987 
0.4994 0.4992 0.4990 0.4989 
0.4996 0.4994 0.4992 0.4991 
0.4988 0.4985 0.4983 0.4981 
0.4990 0.4987 0.4985 0.4983 
0.4992 0.4989 0.4987 0.4986 
0.4994 0.4991 0.4990 0.4988 
0.4996 0.4998 0.4999 0.5000 
0.4999 0.5000 0.5002 0.5003 
0.5001 0.5003 0.5004 0.5006 
0.5003 0.5005 0.5007 0.5009 
0.4997 0.4997 0.4998 0.4999 
0.4999 0.5000 0.5001 0.5001 
0.5001 0.5002 0.5003 0.5004 
0.5003 0.5004 0.5006 0.5007 
0.4996 0.4996 0.4997 0.4997 
0.4998 0.4999 0.4999 0.4999 
0.5000 0.5001 0.5001 0.5002 
0.5002 0.5003 0.5003 0.5004 
0.4995 0.4995 0.4994 0.4994 
0.4997 0.4997 0.4997 0.4996 
0.4999 0.4999 0.4999 0.4999 
0.5001 0.5001 0.5001 0.5001 
0.4991 0.4995 0.4998 0.5001 
0.4995 0.4998 0.5002 0.5005 
0.4998 0.5002 0.5005 0.5009 
0.5001 0.5005 0.5009 0.5013 
0.4993 0.4996 0.4999 0.5002 
0.4996 0.4999 0.5002 0.5005 
0.4999 0.5002 0.5006 0.5009 
0.5002 0.5006 0.5009 0.5013 
0.4994 0.4997 0.4999 0.5002 
0.4997 0.5000 0.5003 0.5005 
0.5000 0.5003 0.5006 0.5008 
0.5003 0.5006 0.5009 0.5012 
0.4996 0.4998 0.4999 0.5001 
0.4998 0.5000 0.5002 0.5004 
0.5001 0.5003 0.5005 0.5007 
0.5003 0.5006 0.5008 0.5011 
0.4987 0.4991 0.4995 0.5000 
0.4991 0.4995 0.5000 0.5004 
0.4994 0.4999 0.5004 0.5009 
0.4998 0.5003 0.5008 0.5013 
0.4987 0.4991 0.4996 0.5000 
0.4991 0.4996 0.5000 0.5004 
0.4995 0.5000 0.5004 0.5009 
0.4998 0.5003 0.5008 0.5013 
0.4988 0.4992 0.4996 0.5000 
0.4992 0.4996 0.5001 0.5005 
0.4996 0.5000 0.5005 0.5009 
0.4999 0.5004 0.5009 0.5013 
0.4990 0.4993 0.4997 0.5001 
0.4993 0.4997 0.5001 0.5005 
0.4997 0.5001 0.5005 0.5009 
0.5000 0.5004 0.5009 0.5013 
0.4949 0.4946 0.4944 0.4943 
0.4955 0.4951 0.4948 0.4946 
0.4961 0.4957 0.4953 0.4950 
0.4967 0.4962 0.4958 0.4955 
0.4949 0.4946 0.4944 0.4942 
0.4954 0.4951 0.4948 0.4946 
0.4960 0.4956 0.4953 0.4950 
0.4966 0.4962 0.4958 0.4954 
0.4948 0.4946 0.4944 0.4942 
0.4954 0.4951 0.4948 0.4946 
0.4960 0.4956 0.4953 0.4950 
0.4966 0.4962 0.4958 0.4954 
0.4948 0.4946 0.4943 0.4942 
0.4954 0.4951 0.4948 0.4946 
0.4960 0.4956 0.4952 0.4950 
0.4966 0.4962 0.4958 0.4954 
0.4954 0.4950 0.4948 0.4946 
0.4959 0.4955 0.4952 0.4949 
0.4964 0.4959 0.4956 0.4953 
0.4969 0.4964 0.4960 0.4957 
0.4952 0.4949 0.4946 0.4945 
0.4957 0.4954 0.4950 0.4948 
0.4963 0.4958 0.4955 0.4952 
0.4968 0.4964 0.4960 0.4956 
0.4951 0.4948 0.4945 0.4944 
0.4956 0.4953 0.4950 0.4947 
0.4962 0.4958 0.4954 0.4951 
0.4968 0.4963 0.4959 0.4955 
0.4950 0.4947 0.4945 0.4943 
0.4955 0.4952 0.4949 0.4947 
0.4961 0.4957 0.4954 0.4951 
0.4967 0.4963 0.4958 0.4955 
0.4963 0.4959 0.4956 0.4954 
0.4966 0.4962 0.4959 0.4957 
0.4970 0.4966 0.4962 0.4960 
0.4974 0.4970 0.4966 0.4963 
0.4960 0.4956 0.4953 0.4951 
0.4964 0.4960 0.4957 0.4954 
0.4968 0.4964 0.4960 0.4957 
0.4972 0.4968 0.4964 0.4961 
0.4957 0.4954 0.4951 0.4949 
0.4962 0.4958 0.4955 0.4952 
0.4966 0.4962 0.4958 0.4956 
0.4971 0.4966 0.4962 0.4959 
0.4955 0.4952 0.4949 0.4947 
0.4960 0.4956 0.4953 0.4950 
0.4965 0.4961 0.4957 0.4954 
0.4970 0.4965 0.4961 0.4958 
0.4975 0.4973 0.4970 0.4968 
0.4978 0.4975 0.4972 0.4970 
0.4980 0.4977 0.4975 0.4972 
0.4983 0.4980 0.4977 0.4975 
0.4972 0.4969 0.4966 0.4964 
0.4975 0.4971 0.4969 0.4966 
0.4978 0.4974 0.4971 0.4969 
0.4980 0.4977 0.4974 0.4971 
0.4969 0.4965 0.4963 0.4961 
0.4972 0.4968 0.4965 0.4963 
0.4975 0.4971 0.4968 0.4965 
0.4978 0.4974 0.4971 0.4968 
0.4965 0.4962 0.4959 0.4957 
0.4969 0.4965 0.4962 0.4960 
0.4972 0.4968 0.4965 0.4962 
0.4976 0.4972 0.4968 0.4965 
0.4986 0.4985 0.4984 0.4983 
0.4988 0.4987 0.4986 0.4985 
0.4990 0.4989 0.4988 0.4987 
0.4992 0.4991 0.4990 0.4989 
0.4984 0.4982 0.4981 0.4980 
0.4986 0.4984 0.4983 0.4982 
0.4988 0.4986 0.4985 0.4984 
0.4990 0.4988 0.4987 0.4986 
0.4982 0.4980 0.4978 0.4976 
0.4984 0.4982 0.4980 0.4978 
0.4986 0.4984 0.4982 0.4980 
0.4988 0.4986 0.4984 0.4982 
0.4979 0.4976 0.4974 0.4972 
0.4981 0.4978 0.4976 0.4974 
0.4983 0.4980 0.4978 0.4976 
0.4985 0.4983 0.4980 0.4978 
0.4986 0.4987 0.4988 0.4989 
0.4989 0.4990 0.4991 0.4992 
0.4991 0.4993 0.4994 0.4995 
0.4994 0.4995 0.4996 0.4997 
0.4987 0.4988 0.4988 0.4989 
0.4990 0.4990 0.4991 0.4991 
0.4992 0.4993 0.4993 0.4994 
0.4994 0.4995 0.4996 0.4996 
0.4988 0.4988 0.4988 0.4987 
0.4990 0.4990 0.4990 0.4990 
0.4992 0.4992 0.4992 0.4992 
0.4994 0.4994 0.4994 0.4994 
0.4987 0.4987 0.4986 0.4986 
0.4989 0.4989 0.4988 0.4988 
0.4992 0.4991 0.4990 0.4990 
0.4994 0.4993 0.4992 0.4992 
0.4977 0.4980 0.4983 0.4986 
0.4981 0.4984 0.4987 0.4990 
0.4984 0.4987 0.4991 0.4994 
0.4988 0.4991 0.4994 0.4997 
0.4980 0.4982 0.4985 0.4987 
0.4983 0.4986 0.4988 0.4991 
0.4986 0.4989 0.4992 0.4994 
0.4990 0.4993 0.4995 0.4998 
0.4982 0.4984 0.4986 0.4988 
0.4985 0.4987 0.4990 0.4992 
0.4988 0.4991 0.4993 0.4995 
0.4991 0.4994 0.4996 0.4998 
0.4984 0.4986 0.4988 0.4989 
0.4987 0.4989 0.4991 0.4992 
0.4990 0.4992 0.4993 0.4995 
0.4993 0.4995 0.4996 0.4998 
0.4970 0.4974 0.4978 0.4982 
0.4974 0.4978 0.4983 0.4987 
0.4978 0.4983 0.4987 0.4991 
0.4983 0.4987 0.4991 0.4995 
0.4971 0.4975 0.4979 0.4983 
0.4975 0.4979 0.4983 0.4987 
0.4979 0.4983 0.4987 0.4991 
0.4983 0.4987 0.4992 0.4996 
0.4972 0.4976 0.4980 0.4984 
0.4976 0.4980 0.4984 0.4988 
0.4980 0.4984 0.4988 0.4992 
0.4984 0.4988 0.4992 0.4996 
0.4974 0.4978 0.4981 0.4985 
0.4978 0.4982 0.4985 0.4989 
0.4982 0.4986 0.4989 0.4993 
0.4986 0.4990 0.4993 0.4997 
0.4932 0.4931 0.4932 0.4933 
0.4936 0.4934 0.4934 0.4934 
0.4940 0.4938 0.4937 0.4937 
0.4944 0.4942 0.4940 0.4939 
0.4931 0.4931 0.4931 0.4932 
0.4935 0.4934 0.4934 0.4934 
0.4939 0.4937 0.4937 0.4936 
0.4944 0.4941 0.4940 0.4939 
0.4931 0.4930 0.4931 0.4932 
0.4935 0.4934 0.4933 0.4934 
0.4939 0.4937 0.4936 0.4936 
0.4943 0.4941 0.4940 0.4939 
0.4931 0.4930 0.4931 0.4932 
0.4934 0.4933 0.4933 0.4934 
0.4939 0.4937 0.4936 0.4936 
0.4943 0.4941 0.4940 0.4939 
0.4938 0.4937 0.4936 0.4937 
0.4941 0.4939 0.4938 0.4938 
0.4945 0.4943 0.4941 0.4940 
0.4949 0.4946 0.4944 0.4943 
0.4936 0.4935 0.4935 0.4935 
0.4939 0.4938 0.4937 0.4937 
0.4943 0.4941 0.4940 0.4939 
0.4948 0.4945 0.4943 0.4942 
0.4934 0.4933 0.4933 0.4934 
0.4938 0.4936 0.4936 0.4936 
0.4942 0.4940 0.4938 0.4938 
0.4946 0.4944 0.4942 0.4941 
0.4933 0.4932 0.4932 0.4933 
0.4937 0.4935 0.4935 0.4935 
0.4941 0.4939 0.4938 0.4937 
0.4945 0.4943 0.4941 0.4940 
0.4951 0.4949 0.4947 0.4947 
0.4953 0.4951 0.4949 0.4948 
0.4956 0.4953 0.4951 0.4950 
0.4959 0.4956 0.4953 0.4952 
0.4947 0.4945 0.4944 0.4944 
0.4950 0.4947 0.4946 0.4945 
0.4953 0.4950 0.4948 0.4947 
0.4956 0.4953 0.4951 0.4949 
0.4944 0.4942 0.4941 0.4941 
0.4946 0.4944 0.4943 0.4942 
0.4950 0.4947 0.4945 0.4944 
0.4953 0.4950 0.4948 0.4946 
0.4941 0.4939 0.4938 0.4939 
0.4944 0.4942 0.4940 0.4940 
0.4947 0.4945 0.4943 0.4942 
0.4951 0.4948 0.4946 0.4944 
0.4967 0.4965 0.4964 0.4963 
0.4969 0.4967 0.4965 0.4964 
0.4971 0.4968 0.4967 0.4965 
0.4973 0.4970 0.4968 0.4967 
0.4963 0.4961 0.4960 0.4959 
0.4965 0.4963 0.4961 0.4960 
0.4967 0.4964 0.4962 0.4961 
0.4969 0.4967 0.4964 0.4963 
0.4959 0.4957 0.4955 0.4955 
0.4961 0.4958 0.4957 0.4956 
0.4963 0.4960 0.4958 0.4957 
0.4966 0.4963 0.4960 0.4959 
0.4954 0.4953 0.4951 0.4951 
0.4957 0.4954 0.4953 0.4952 
0.4959 0.4957 0.4955 0.4953 
0.4962 0.4959 0.4957 0.4955 
0.4978 0.4977 0.4977 0.4976 
0.4980 0.4979 0.4978 0.4978 
0.4982 0.4981 0.4980 0.4979 
0.4984 0.4983 0.4982 0.4981 
0.4976 0.4975 0.4974 0.4974 
0.4978 0.4977 0.4976 0.4975 
0.4980 0.4979 0.4978 0.4977 
0.4982 0.4981 0.4979 0.4978 
0.4974 0.4972 0.4971 0.4971 
0.4976 0.4974 0.4973 0.4972 
0.4978 0.4976 0.4974 0.4973 
0.4980 0.4978 0.4976 0.4975 
0.4971 0.4969 0.4968 0.4967 
0.4972 0.4971 0.4969 0.4968 
0.4974 0.4972 0.4971 0.4969 
0.4976 0.4974 0.4972 0.4971 
0.4975 0.4976 0.4978 0.4979 
0.4978 0.4979 0.4980 0.4982 
0.4981 0.4982 0.4983 0.4984 
0.4983 0.4985 0.4986 0.4987 
0.4977 0.4978 0.4979 0.4980 
0.4980 0.4980 0.4981 0.4982 
0.4982 0.4983 0.4984 0.4984 
0.4985 0.4985 0.4986 0.4986 
0.4978 0.4979 0.4979 0.4979 
0.4981 0.4981 0.4981 0.4981 
0.4983 0.4983 0.4983 0.4983 
0.4985 0.4985 0.4985 0.4985 
0.4979 0.4978 0.4978 0.4978 
0.4981 0.4980 0.4980 0.4980 
0.4983 0.4982 0.4982 0.4982 
0.4985 0.4985 0.4984 0.4984 
0.4962 0.4965 0.4969 0.4972 
0.4966 0.4969 0.4972 0.4976 
0.4969 0.4973 0.4976 0.4979 
0.4973 0.4976 0.4980 0.4983 
0.4965 0.4968 0.4971 0.4974 
0.4969 0.4972 0.4975 0.4978 
0.4973 0.4975 0.4978 0.4981 
0.4976 0.4979 0.4981 0.4984 
0.4969 0.4971 0.4974 0.4976 
0.4972 0.4975 0.4977 0.4979 
0.4976 0.4978 0.4980 0.4982 
0.4979 0.4981 0.4983 0.4985 
0.4972 0.4974 0.4976 0.4978 
0.4975 0.4977 0.4979 0.4981 
0.4978 0.4980 0.4982 0.4983 
0.4981 0.4983 0.4985 0.4986 
0.4953 0.4957 0.4962 0.4967 
0.4957 0.4962 0.4966 0.4971 
0.4962 0.4966 0.4970 0.4974 
0.4966 0.4970 0.4974 0.4978 
0.4954 0.4958 0.4963 0.4967 
0.4958 0.4962 0.4967 0.4971 
0.4962 0.4967 0.4971 0.4975 
0.4967 0.4971 0.4975 0.4979 
0.4956 0.4960 0.4964 0.4969 
0.4960 0.4964 0.4968 0.4972 
0.4964 0.4968 0.4972 0.4976 
0.4968 0.4972 0.4976 0.4980 
0.4959 0.4962 0.4966 0.4970 
0.4963 0.4966 0.4970 0.4974 
0.4967 0.4970 0.4974 0.4977 
0.4971 0.4974 0.4978 0.4981 
0.4921 0.4923 0.4925 0.4928 
0.4923 0.4924 0.4926 0.4929 
0.4926 0.4926 0.4928 0.4930 
0.4929 0.4929 0.4929 0.4931 
0.4920 0.4922 0.4924 0.4928 
0.4923 0.4924 0.4926 0.4928 
0.4925 0.4926 0.4927 0.4929 
0.4928 0.4928 0.4929 0.4931 
0.4920 0.4921 0.4924 0.4927 
0.4922 0.4923 0.4925 0.4928 
0.4925 0.4925 0.4927 0.4929 
0.4928 0.4928 0.4929 0.4930 
0.4919 0.4921 0.4924 0.4927 
0.4922 0.4923 0.4925 0.4928 
0.4924 0.4925 0.4927 0.4929 
0.4927 0.4927 0.4928 0.4930 
0.4930 0.4930 0.4932 0.4934 
0.4931 0.4931 0.4932 0.4934 
0.4933 0.4933 0.4933 0.4935 
0.4935 0.4935 0.4935 0.4935 
0.4927 0.4928 0.4929 0.4932 
0.4929 0.4929 0.4930 0.4932 
0.4931 0.4931 0.4931 0.4933 
0.4933 0.4932 0.4933 0.4934 
0.4925 0.4926 0.4928 0.4930 
0.4926 0.4927 0.4928 0.4931 
0.4929 0.4929 0.4930 0.4932 
0.4931 0.4931 0.4931 0.4933 
0.4923 0.4924 0.4926 0.4929 
0.4925 0.4926 0.4927 0.4930 
0.4927 0.4927 0.4929 0.4931 
0.4930 0.4930 0.4930 0.4932 
0.4945 0.4945 0.4945 0.4946 
0.4946 0.4945 0.4945 0.4946 
0.4947 0.4946 0.4945 0.4946 
0.4948 0.4947 0.4946 0.4946 
0.4940 0.4940 0.4941 0.4942 
0.4941 0.4941 0.4941 0.4942 
0.4943 0.4942 0.4942 0.4942 
0.4945 0.4943 0.4943 0.4943 
0.4936 0.4937 0.4937 0.4939 
0.4938 0.4937 0.4938 0.4939 
0.4939 0.4938 0.4938 0.4939 
0.4941 0.4940 0.4939 0.4940 
0.4933 0.4933 0.4934 0.4936 
0.4934 0.4934 0.4935 0.4936 
0.4936 0.4935 0.4936 0.4937 
0.4938 0.4937 0.4937 0.4937 
0.4962 0.4962 0.4961 0.4961 
0.4963 0.4962 0.4962 0.4961 
0.4964 0.4963 0.4962 0.4962 
0.4965 0.4964 0.4963 0.4962 
0.4958 0.4958 0.4958 0.4958 
0.4959 0.4958 0.4958 0.4958 
0.4960 0.4959 0.4958 0.4958 
0.4961 0.4960 0.4959 0.4958 
0.4954 0.4953 0.4953 0.4954 
0.4955 0.4954 0.4953 0.4953 
0.4956 0.4954 0.4954 0.4954 
0.4957 0.4955 0.4954 0.4954 
0.4949 0.4949 0.4949 0.4950 
0.4950 0.4949 0.4949 0.4949 
0.4951 0.4950 0.4949 0.4950 
0.4953 0.4951 0.4950 0.4950 
0.4971 0.4971 0.4971 0.4972 
0.4973 0.4972 0.4973 0.4973 
0.4974 0.4974 0.4974 0.4974 
0.4976 0.4976 0.4975 0.4975 
0.4970 0.4970 0.4970 0.4970 
0.4972 0.4971 0.4971 0.4971 
0.4973 0.4972 0.4972 0.4972 
0.4975 0.4974 0.4973 0.4973 
0.4969 0.4968 0.4968 0.4968 
0.4970 0.4969 0.4969 0.4968 
0.4971 0.4970 0.4969 0.4969 
0.4972 0.4971 0.4970 0.4970 
0.4966 0.4965 0.4965 0.4965 
0.4967 0.4966 0.4965 0.4965 
0.4968 0.4967 0.4966 0.4966 
0.4969 0.4968 0.4967 0.4966 
0.4964 0.4965 0.4967 0.4969 
0.4966 0.4968 0.4970 0.4972 
0.4969 0.4971 0.4972 0.4974 
0.4972 0.4974 0.4975 0.4977 
0.4967 0.4968 0.4969 0.4971 
0.4969 0.4971 0.4972 0.4973 
0.4972 0.4973 0.4974 0.4975 
0.4975 0.4975 0.4976 0.4977 
0.4969 0.4970 0.4971 0.4972 
0.4971 0.4972 0.4973 0.4974 
0.4974 0.4974 0.4975 0.4976 
0.4976 0.4976 0.4977 0.4977 
0.4971 0.4971 0.4972 0.4972 
0.4973 0.4973 0.4973 0.4974 
0.4974 0.4975 0.4975 0.4975 
0.4977 0.4976 0.4977 0.4977 
0.4946 0.4950 0.4954 0.4958 
0.4950 0.4954 0.4958 0.4962 
0.4954 0.4958 0.4961 0.4965 
0.4958 0.4961 0.4965 0.4969 
0.4951 0.4954 0.4957 0.4961 
0.4954 0.4958 0.4961 0.4964 
0.4958 0.4961 0.4964 0.4968 
0.4962 0.4965 0.4968 0.4971 
0.4955 0.4958 0.4961 0.4964 
0.4959 0.4961 0.4964 0.4967 
0.4962 0.4965 0.4967 0.4970 
0.4965 0.4968 0.4971 0.4973 
0.4960 0.4962 0.4964 0.4967 
0.4963 0.4965 0.4967 0.4969 
0.4966 0.4968 0.4970 0.4972 
0.4969 0.4971 0.4973 0.4975 
0.4936 0.4941 0.4946 0.4951 
0.4940 0.4945 0.4950 0.4955 
0.4944 0.4949 0.4954 0.4959 
0.4949 0.4953 0.4958 0.4963 
0.4937 0.4942 0.4947 0.4952 
0.4941 0.4946 0.4951 0.4956 
0.4945 0.4950 0.4955 0.4960 
0.4950 0.4954 0.4959 0.4964 
0.4939 0.4944 0.4949 0.4954 
0.4943 0.4948 0.4952 0.4957 
0.4947 0.4952 0.4956 0.4961 
0.4952 0.4956 0.4960 0.4965 
0.4942 0.4947 0.4951 0.4956 
0.4946 0.4950 0.4955 0.4959 
0.4950 0.4954 0.4959 0.4963 
0.4954 0.4958 0.4962 0.4967 
0.4915 0.4918 0.4922 0.4927 
0.4916 0.4919 0.4923 0.4927 
0.4918 0.4920 0.4923 0.4927 
0.4919 0.4921 0.4924 0.4928 
0.4913 0.4917 0.4921 0.4926 
0.4915 0.4918 0.4922 0.4926 
0.4916 0.4919 0.4922 0.4926 
0.4918 0.4920 0.4923 0.4927 
0.4912 0.4916 0.4920 0.4925 
0.4914 0.4917 0.4921 0.4926 
0.4916 0.4918 0.4922 0.4926 
0.4917 0.4920 0.4923 0.4927 
0.4912 0.4915 0.4920 0.4925 
0.4913 0.4917 0.4921 0.4925 
0.4915 0.4918 0.4921 0.4926 
0.4917 0.4919 0.4922 0.4926 
0.4926 0.4928 0.4931 0.4934 
0.4927 0.4929 0.4931 0.4934 
0.4927 0.4929 0.4931 0.4934 
0.4928 0.4929 0.4931 0.4934 
0.4923 0.4925 0.4928 0.4932 
0.4923 0.4925 0.4928 0.4932 
0.4924 0.4926 0.4928 0.4932 
0.4925 0.4927 0.4929 0.4932 
0.4919 0.4922 0.4926 0.4930 
0.4920 0.4923 0.4926 0.4930 
0.4922 0.4924 0.4926 0.4930 
0.4923 0.4924 0.4927 0.4930 
0.4917 0.4920 0.4924 0.4928 
0.4918 0.4921 0.4924 0.4928 
0.4919 0.4922 0.4925 0.4928 
0.4921 0.4923 0.4925 0.4929 
0.4944 0.4945 0.4947 0.4948 
0.4944 0.4945 0.4946 0.4947 
0.4944 0.4945 0.4945 0.4947 
0.4944 0.4944 0.4945 0.4946 
0.4940 0.4941 0.4942 0.4944 
0.4940 0.4940 0.4942 0.4944 
0.4940 0.4940 0.4941 0.4943 
0.4940 0.4940 0.4941 0.4942 
0.4935 0.4936 0.4938 0.4941 
0.4935 0.4936 0.4938 0.4940 
0.4935 0.4936 0.4938 0.4940 
0.4936 0.4936 0.4937 0.4939 
0.4930 0.4932 0.4934 0.4937 
0.4931 0.4932 0.4934 0.4937 
0.4931 0.4932 0.4934 0.4936 
0.4932 0.4933 0.4934 0.4936 
0.4962 0.4962 0.4962 0.4963 
0.4962 0.4962 0.4962 0.4962 
0.4962 0.4962 0.4962 0.4962 
0.4962 0.4962 0.4962 0.4962 
0.4958 0.4959 0.4959 0.4960 
0.4958 0.4958 0.4959 0.4959 
0.4958 0.4958 0.4958 0.4958 
0.4958 0.4958 0.4958 0.4958 
0.4954 0.4955 0.4955 0.4956 
0.4954 0.4954 0.4955 0.4955 
0.4954 0.4954 0.4954 0.4955 
0.4954 0.4953 0.4954 0.4954 
0.4949 0.4950 0.4951 0.4952 
0.4949 0.4950 0.4950 0.4951 
0.4949 0.4949 0.4950 0.4951 
0.4949 0.4949 0.4949 0.4950 
0.4967 0.4967 0.4968 0.4968 
0.4968 0.4968 0.4968 0.4969 
0.4969 0.4969 0.4969 0.4970 
0.4970 0.4970 0.4970 0.4971 
0.4967 0.4968 0.4968 0.4968 
0.4968 0.4968 0.4968 0.4969 
0.4969 0.4969 0.4969 0.4969 
0.4969 0.4969 0.4969 0.4969 
0.4967 0.4967 0.4967 0.4967 
0.4967 0.4967 0.4967 0.4967 
0.4967 0.4967 0.4967 0.4967 
0.4968 0.4968 0.4967 0.4968 
0.4965 0.4965 0.4965 0.4965 
0.4965 0.4965 0.4965 0.4965 
0.4965 0.4965 0.4965 0.4965 
0.4965 0.4965 0.4965 0.4965 
0.4954 0.4956 0.4958 0.4960 
0.4956 0.4958 0.4960 0.4962 
0.4959 0.4960 0.4962 0.4964 
0.4961 0.4963 0.4965 0.4967 
0.4959 0.4960 0.4962 0.4963 
0.4961 0.4962 0.4963 0.4965 
0.4962 0.4964 0.4965 0.4967 
0.4965 0.4966 0.4967 0.4969 
0.4963 0.4964 0.4965 0.4966 
0.4964 0.4965 0.4966 0.4967 
0.4966 0.4966 0.4967 0.4969 
0.4967 0.4968 0.4969 0.4970 
0.4965 0.4966 0.4967 0.4967 
0.4966 0.4967 0.4968 0.4968 
0.4968 0.4968 0.4969 0.4970 
0.4969 0.4970 0.4970 0.4971 
0.4933 0.4937 0.4941 0.4945 
0.4936 0.4940 0.4944 0.4948 
0.4939 0.4943 0.4947 0.4951 
0.4943 0.4946 0.4951 0.4955 
0.4938 0.4942 0.4945 0.4949 
0.4941 0.4944 0.4948 0.4952 
0.4944 0.4947 0.4951 0.4955 
0.4947 0.4951 0.4954 0.4958 
0.4944 0.4946 0.4950 0.4953 
0.4946 0.4949 0.4952 0.4955 
0.4949 0.4952 0.4955 0.4958 
0.4952 0.4955 0.4958 0.4961 
0.4949 0.4951 0.4954 0.4957 
0.4951 0.4954 0.4956 0.4959 
0.4954 0.4956 0.4959 0.4961 
0.4957 0.4959 0.4961 0.4964 
0.4921 0.4926 0.4931 0.4937 
0.4924 0.4929 0.4935 0.4940 
0.4928 0.4933 0.4938 0.4944 
0.4932 0.4937 0.4942 0.4947 
0.4922 0.4927 0.4932 0.4938 
0.4926 0.4930 0.4936 0.4941 
0.4929 0.4934 0.4939 0.4945 
0.4933 0.4938 0.4943 0.4948 
0.4925 0.4930 0.4935 0.4940 
0.4928 0.4933 0.4938 0.4943 
0.4931 0.4936 0.4941 0.4946 
0.4935 0.4940 0.4945 0.4950 
0.4929 0.4933 0.4937 0.4942 
0.4932 0.4936 0.4940 0.4945 
0.4935 0.4939 0.4944 0.4949 
0.4939 0.4943 0.4947 0.4952 
0.4912 0.4916 0.4921 0.4926 
0.4912 0.4916 0.4921 0.4926 
0.4913 0.4917 0.4921 0.4926 
0.4914 0.4917 0.4922 0.4927 
0.4910 0.4915 0.4920 0.4925 
0.4910 0.4915 0.4920 0.4925 
0.4911 0.4915 0.4920 0.4925 
0.4912 0.4916 0.4920 0.4926 
0.4909 0.4913 0.4919 0.4924 
0.4909 0.4914 0.4919 0.4924 
0.4910 0.4914 0.4919 0.4925 
0.4911 0.4915 0.4920 0.4925 
0.4908 0.4913 0.4918 0.4924 
0.4909 0.4913 0.4918 0.4924 
0.4909 0.4914 0.4919 0.4924 
0.4910 0.4914 0.4919 0.4925 
0.4925 0.4928 0.4932 0.4935 
0.4925 0.4928 0.4931 0.4935 
0.4926 0.4928 0.4931 0.4935 
0.4926 0.4928 0.4931 0.4935 
0.4921 0.4924 0.4928 0.4932 
0.4921 0.4924 0.4928 0.4932 
0.4922 0.4925 0.4928 0.4932 
0.4922 0.4925 0.4928 0.4932 
0.4918 0.4921 0.4925 0.4930 
0.4918 0.4921 0.4925 0.4930 
0.4918 0.4921 0.4925 0.4930 
0.4919 0.4922 0.4925 0.4930 
0.4914 0.4918 0.4923 0.4928 
0.4915 0.4918 0.4923 0.4928 
0.4915 0.4919 0.4923 0.4928 
0.4916 0.4919 0.4923 0.4928 
0.4945 0.4947 0.4948 0.4950 
0.4945 0.4947 0.4948 0.4950 
0.4945 0.4946 0.4948 0.4950 
0.4945 0.4946 0.4947 0.4949 
0.4940 0.4942 0.4944 0.4946 
0.4940 0.4942 0.4944 0.4946 
0.4940 0.4941 0.4943 0.4946 
0.4940 0.4941 0.4943 0.4945 
0.4935 0.4937 0.4940 0.4942 
0.4935 0.4937 0.4939 0.4942 
0.4935 0.4937 0.4939 0.4942 
0.4935 0.4937 0.4939 0.4941 
0.4930 0.4932 0.4935 0.4939 
0.4930 0.4932 0.4935 0.4938 
0.4930 0.4932 0.4935 0.4938 
0.4930 0.4932 0.4935 0.4938 
0.4963 0.4963 0.4964 0.4964 
0.4963 0.4963 0.4964 0.4964 
0.4963 0.4963 0.4963 0.4964 
0.4962 0.4963 0.4963 0.4963 
0.4959 0.4960 0.4961 0.4961 
0.4959 0.4960 0.4960 0.4961 
0.4959 0.4960 0.4960 0.4961 
0.4959 0.4959 0.4960 0.4960 
0.4955 0.4956 0.4957 0.4958 
0.4955 0.4956 0.4957 0.4958 
0.4955 0.4955 0.4956 0.4957 
0.4954 0.4955 0.4956 0.4957 
0.4950 0.4952 0.4953 0.4954 
0.4950 0.4951 0.4953 0.4954 
0.4950 0.4951 0.4952 0.4954 
0.4950 0.4951 0.4952 0.4953 
0.4966 0.4966 0.4967 0.4967 
0.4966 0.4966 0.4967 0.4967 
0.4966 0.4966 0.4967 0.4967 
0.4966 0.4967 0.4967 0.4968 
0.4967 0.4967 0.4967 0.4968 
0.4967 0.4967 0.4967 0.4968 
0.4967 0.4967 0.4968 0.4968 
0.4967 0.4967 0.4968 0.4968 
0.4967 0.4967 0.4967 0.4968 
0.4967 0.4967 0.4967 0.4967 
0.4967 0.4967 0.4967 0.4967 
0.4967 0.4967 0.4967 0.4967 
0.4965 0.4966 0.4966 0.4966 
0.4965 0.4965 0.4966 0.4966 
0.4965 0.4965 0.4966 0.4966 
0.4965 0.4965 0.4965 0.4966 
0.4950 0.4952 0.4954 0.4956 
0.4951 0.4952 0.4954 0.4956 
0.4951 0.4953 0.4955 0.4957 
0.4953 0.4954 0.4956 0.4958 
0.4955 0.4957 0.4958 0.4960 
0.4956 0.4957 0.4958 0.4960 
0.4956 0.4958 0.4959 0.4961 
0.4958 0.4959 0.4960 0.4962 
0.4960 0.4961 0.4962 0.4963 
0.4960 0.4961 0.4962 0.4963 
0.4961 0.4962 0.4963 0.4964 
0.4962 0.4962 0.4964 0.4965 
0.4963 0.4964 0.4965 0.4965 
0.4964 0.4964 0.4965 0.4966 
0.4964 0.4965 0.4965 0.4966 
0.4965 0.4965 0.4966 0.4967 
0.4927 0.4931 0.4935 0.4939 
0.4928 0.4931 0.4935 0.4940 
0.4929 0.4933 0.4937 0.4941 
0.4931 0.4934 0.4939 0.4943 
0.4932 0.4936 0.4939 0.4943 
0.4933 0.4936 0.4940 0.4944 
0.4934 0.4937 0.4941 0.4945 
0.4936 0.4939 0.4943 0.4947 
0.4938 0.4941 0.4944 0.4947 
0.4939 0.4942 0.4945 0.4948 
0.4940 0.4943 0.4946 0.4949 
0.4942 0.4944 0.4947 0.4951 
0.4944 0.4946 0.4949 0.4952 
0.4945 0.4947 0.4949 0.4952 
0.4946 0.4948 0.4950 0.4953 
0.4947 0.4950 0.4952 0.4955 
0.4914 0.4919 0.4924 0.4930 
0.4915 0.4920 0.4925 0.4931 
0.4916 0.4921 0.4927 0.4932 
0.4918 0.4923 0.4929 0.4934 
0.4916 0.4920 0.4925 0.4931 
0.4916 0.4921 0.4926 0.4932 
0.4918 0.4922 0.4928 0.4933 
0.4920 0.4925 0.4930 0.4935 
0.4918 0.4923 0.4928 0.4933 
0.4919 0.4923 0.4928 0.4934 
0.4920 0.4925 0.4930 0.4935 
0.4922 0.4927 0.4932 0.4937 
0.4922 0.4926 0.4931 0.4936 
0.4923 0.4927 0.4931 0.4936 
0.4924 0.4928 0.4933 0.4938 
0.4926 0.4930 0.4935 0.4940 
0.5034 0.5029 0.5023 0.5018 
0.5036 0.5031 0.5026 0.5021 
0.5037 0.5032 0.5027 0.5022 
0.5038 0.5033 0.5028 0.5023 
0.5035 0.5030 0.5024 0.5019 
0.5037 0.5032 0.5027 0.5021 
0.5038 0.5033 0.5028 0.5023 
0.5039 0.5034 0.5029 0.5024 
0.5036 0.5030 0.5025 0.5019 
0.5038 0.5033 0.5027 0.5022 
0.5039 0.5034 0.5029 0.5024 
0.5040 0.5035 0.5030 0.5024 
0.5036 0.5031 0.5025 0.5020 
0.5038 0.5033 0.5028 0.5022 
0.5040 0.5035 0.5029 0.5024 
0.5041 0.5035 0.5030 0.5025 
0.5026 0.5021 0.5017 0.5013 
0.5027 0.5023 0.5019 0.5014 
0.5028 0.5024 0.5020 0.5016 
0.5028 0.5024 0.5020 0.5016 
0.5028 0.5024 0.5019 0.5014 
0.5030 0.5025 0.5021 0.5016 
0.5031 0.5026 0.5022 0.5018 
0.5031 0.5027 0.5023 0.5018 
0.5030 0.5026 0.5021 0.5016 
0.5032 0.5027 0.5023 0.5018 
0.5033 0.5029 0.5024 0.5019 
0.5034 0.5029 0.5025 0.5020 
0.5032 0.5027 0.5022 0.5017 
0.5034 0.5029 0.5024 0.5019 
0.5035 0.5031 0.5026 0.5021 
0.5036 0.5031 0.5027 0.5022 
0.5015 0.5012 0.5008 0.5005 
0.5016 0.5012 0.5009 0.5006 
0.5016 0.5013 0.5010 0.5007 
0.5016 0.5013 0.5010 0.5007 
0.5018 0.5014 0.5010 0.5007 
0.5019 0.5015 0.5011 0.5008 
0.5019 0.5015 0.5012 0.5009 
0.5019 0.5016 0.5012 0.5009 
0.5021 0.5016 0.5012 0.5009 
0.5021 0.5018 0.5014 0.5010 
0.5022 0.5018 0.5015 0.5011 
0.5022 0.5019 0.5015 0.5012 
0.5023 0.5019 0.5015 0.5011 
0.5024 0.5020 0.5016 0.5012 
0.5025 0.5021 0.5017 0.5013 
0.5025 0.5022 0.5018 0.5014 
0.5008 0.5006 0.5003 0.5002 
0.5008 0.5006 0.5004 0.5002 
0.5008 0.5006 0.5004 0.5003 
0.5008 0.5006 0.5004 0.5003 
0.5009 0.5007 0.5004 0.5002 
0.5009 0.5007 0.5004 0.5002 
0.5009 0.5007 0.5005 0.5003 
0.5009 0.5007 0.5005 0.5003 
0.5011 0.5008 0.5005 0.5002 
0.5011 0.5008 0.5006 0.5003 
0.5011 0.5009 0.5006 0.5004 
0.5011 0.5009 0.5006 0.5004 
0.5013 0.5010 0.5006 0.5003 
0.5013 0.5010 0.5007 0.5004 
0.5014 0.5010 0.5008 0.5005 
0.5014 0.5011 0.5008 0.5005 
0.5005 0.5005 0.5005 0.5005 
0.5005 0.5005 0.5005 0.5006 
0.5005 0.5005 0.5006 0.5006 
0.5005 0.5005 0.5006 0.5006 
0.5006 0.5005 0.5004 0.5004 
0.5006 0.5005 0.5005 0.5004 
0.5006 0.5005 0.5005 0.5005 
0.5006 0.5005 0.5005 0.5005 
0.5006 0.5005 0.5004 0.5003 
0.5006 0.5005 0.5004 0.5003 
0.5006 0.5005 0.5004 0.5004 
0.5006 0.5005 0.5004 0.5004 
0.5007 0.5005 0.5003 0.5002 
0.5007 0.5005 0.5004 0.5003 
0.5007 0.5005 0.5004 0.5003 
0.5007 0.5005 0.5004 0.5003 
0.5001 0.5004 0.5006 0.5009 
0.5002 0.5004 0.5007 0.5010 
0.5002 0.5005 0.5008 0.5011 
0.5002 0.5005 0.5008 0.5011 
0.5003 0.5005 0.5007 0.5009 
0.5003 0.5005 0.5007 0.5009 
0.5003 0.5005 0.5008 0.5010 
0.5003 0.5005 0.5008 0.5010 
0.5004 0.5005 0.5006 0.5008 
0.5004 0.5005 0.5007 0.5008 
0.5004 0.5006 0.5007 0.5009 
0.5004 0.5006 0.5007 0.5009 
0.5005 0.5005 0.5006 0.5006 
0.5005 0.5005 0.5006 0.5007 
0.5005 0.5006 0.5006 0.5008 
0.5005 0.5006 0.5007 0.5008 
0.4993 0.4998 0.5003 0.5008 
0.4994 0.4999 0.5004 0.5009 
0.4995 0.5000 0.5005 0.5010 
0.4995 0.5000 0.5005 0.5011 
0.4995 0.5000 0.5004 0.5009 
0.4996 0.5001 0.5005 0.5010 
0.4997 0.5001 0.5006 0.5011 
0.4997 0.5002 0.5006 0.5011 
0.4998 0.5001 0.5005 0.5009 
0.4998 0.5002 0.5006 0.5010 
0.4999 0.5003 0.5007 0.5011 
0.4999 0.5003 0.5007 0.5011 
0.5000 0.5003 0.5006 0.5009 
0.5000 0.5003 0.5007 0.5010 
0.5000 0.5004 0.5007 0.5011 
0.5001 0.5004 0.5008 0.5011 
0.4988 0.4994 0.5000 0.5006 
0.4989 0.4995 0.5001 0.5007 
0.4990 0.4996 0.5002 0.5008 
0.4990 0.4996 0.5003 0.5009 
0.4989 0.4994 0.5000 0.5006 
0.4990 0.4996 0.5002 0.5008 
0.4990 0.4996 0.5002 0.5009 
0.4991 0.4997 0.5003 0.5009 
0.4990 0.4995 0.5001 0.5007 
0.4991 0.4996 0.5002 0.5008 
0.4991 0.4997 0.5003 0.5009 
0.4992 0.4998 0.5004 0.5010 
0.4991 0.4997 0.5002 0.5007 
0.4992 0.4998 0.5003 0.5009 
0.4993 0.4998 0.5004 0.5010 
0.4993 0.4999 0.5004 0.5010 
0.5019 0.5013 0.5008 0.5002 
0.5023 0.5018 0.5012 0.5007 
0.5028 0.5022 0.5017 0.5011 
0.5031 0.5026 0.5020 0.5015 
0.5019 0.5013 0.5008 0.5002 
0.5024 0.5018 0.5013 0.5007 
0.5028 0.5023 0.5017 0.5012 
0.5032 0.5027 0.5021 0.5016 
0.5019 0.5014 0.5008 0.5002 
0.5024 0.5019 0.5013 0.5008 
0.5029 0.5023 0.5018 0.5012 
0.5032 0.5027 0.5022 0.5016 
0.5019 0.5014 0.5008 0.5002 
0.5025 0.5019 0.5013 0.5008 
0.5029 0.5024 0.5018 0.5012 
0.5033 0.5027 0.5022 0.5016 
0.5016 0.5010 0.5005 0.4999 
0.5019 0.5014 0.5009 0.5003 
0.5022 0.5017 0.5012 0.5007 
0.5024 0.5019 0.5015 0.5010 
0.5017 0.5011 0.5006 0.5000 
0.5020 0.5015 0.5010 0.5005 
0.5024 0.5019 0.5013 0.5008 
0.5026 0.5021 0.5016 0.5012 
0.5018 0.5012 0.5006 0.5001 
0.5022 0.5016 0.5011 0.5006 
0.5025 0.5020 0.5015 0.5010 
0.5028 0.5023 0.5018 0.5013 
0.5018 0.5013 0.5007 0.5001 
0.5023 0.5017 0.5012 0.5006 
0.5026 0.5021 0.5016 0.5011 
0.5030 0.5025 0.5019 0.5014 
0.5011 0.5006 0.5001 0.4996 
0.5013 0.5008 0.5003 0.4999 
0.5014 0.5009 0.5005 0.5001 
0.5015 0.5011 0.5007 0.5003 
0.5012 0.5007 0.5002 0.4997 
0.5014 0.5009 0.5004 0.5000 
0.5016 0.5011 0.5007 0.5003 
0.5017 0.5013 0.5009 0.5005 
0.5013 0.5008 0.5003 0.4998 
0.5016 0.5011 0.5006 0.5001 
0.5018 0.5013 0.5008 0.5004 
0.5019 0.5015 0.5011 0.5006 
0.5015 0.5009 0.5004 0.4999 
0.5018 0.5012 0.5007 0.5002 
0.5020 0.5015 0.5010 0.5006 
0.5022 0.5017 0.5013 0.5008 
0.5007 0.5004 0.5000 0.4997 
0.5008 0.5004 0.5001 0.4998 
0.5008 0.5005 0.5002 0.5000 
0.5008 0.5005 0.5003 0.5001 
0.5008 0.5004 0.5000 0.4996 
0.5009 0.5005 0.5001 0.4998 
0.5009 0.5006 0.5002 0.4999 
0.5009 0.5006 0.5003 0.5001 
0.5009 0.5004 0.5000 0.4996 
0.5010 0.5006 0.5002 0.4998 
0.5010 0.5007 0.5003 0.5000 
0.5011 0.5007 0.5004 0.5001 
0.5010 0.5005 0.5000 0.4996 
0.5011 0.5007 0.5002 0.4998 
0.5012 0.5008 0.5004 0.5000 
0.5013 0.5009 0.5005 0.5002 
0.5005 0.5003 0.5002 0.5001 
0.5005 0.5004 0.5003 0.5003 
0.5005 0.5005 0.5004 0.5004 
0.5005 0.5005 0.5005 0.5004 
0.5006 0.5004 0.5002 0.5000 
0.5006 0.5004 0.5003 0.5001 
0.5006 0.5005 0.5003 0.5002 
0.5006 0.5005 0.5004 0.5003 
0.5006 0.5004 0.5001 0.4999 
0.5007 0.5004 0.5002 0.5000 
0.5007 0.5005 0.5003 0.5001 
0.5007 0.5005 0.5003 0.5002 
0.5007 0.5004 0.5001 0.4998 
0.5007 0.5004 0.5002 0.4999 
0.5007 0.5005 0.5002 0.5000 
0.5007 0.5005 0.5003 0.5001 
0.4998 0.5000 0.5002 0.5003 
0.4999 0.5001 0.5003 0.5005 
0.5000 0.5002 0.5004 0.5007 
0.5001 0.5003 0.5006 0.5008 
0.5001 0.5001 0.5002 0.5004 
0.5001 0.5002 0.5004 0.5005 
0.5002 0.5003 0.5005 0.5006 
0.5002 0.5004 0.5006 0.5008 
0.5002 0.5002 0.5003 0.5003 
0.5003 0.5003 0.5004 0.5005 
0.5003 0.5004 0.5005 0.5006 
0.5004 0.5005 0.5006 0.5007 
0.5004 0.5003 0.5003 0.5002 
0.5004 0.5004 0.5004 0.5004 
0.5004 0.5004 0.5004 0.5005 
0.5005 0.5005 0.5005 0.5006 
0.4988 0.4992 0.4996 0.5000 
0.4990 0.4994 0.4998 0.5002 
0.4991 0.4995 0.5000 0.5005 
0.4992 0.4997 0.5002 0.5007 
0.4991 0.4994 0.4997 0.5001 
0.4992 0.4996 0.4999 0.5003 
0.4993 0.4997 0.5001 0.5005 
0.4995 0.4999 0.5003 0.5007 
0.4993 0.4996 0.4999 0.5002 
0.4995 0.4998 0.5001 0.5004 
0.4996 0.4999 0.5003 0.5006 
0.4997 0.5000 0.5004 0.5008 
0.4996 0.4998 0.5000 0.5003 
0.4997 0.5000 0.5002 0.5005 
0.4998 0.5001 0.5004 0.5007 
0.4999 0.5002 0.5005 0.5008 
0.4981 0.4986 0.4991 0.4996 
0.4983 0.4988 0.4994 0.4999 
0.4985 0.4991 0.4996 0.5002 
0.4987 0.4992 0.4998 0.5004 
0.4982 0.4987 0.4992 0.4997 
0.4984 0.4989 0.4994 0.5000 
0.4986 0.4991 0.4997 0.5002 
0.4987 0.4993 0.4999 0.5004 
0.4984 0.4988 0.4993 0.4997 
0.4985 0.4990 0.4995 0.5000 
0.4987 0.4992 0.4997 0.5003 
0.4989 0.4994 0.4999 0.5005 
0.4986 0.4990 0.4994 0.4999 
0.4987 0.4992 0.4996 0.5001 
0.4989 0.4994 0.4999 0.5004 
0.4990 0.4995 0.5000 0.5006 
0.4995 0.4989 0.4983 0.4978 
0.5001 0.4996 0.4990 0.4984 
0.5008 0.5002 0.4996 0.4990 
0.5013 0.5008 0.5002 0.4996 
0.4994 0.4989 0.4983 0.4978 
0.5001 0.4995 0.4990 0.4984 
0.5008 0.5002 0.4996 0.4990 
0.5014 0.5008 0.5002 0.4997 
0.4994 0.4988 0.4983 0.4977 
0.5001 0.4995 0.4990 0.4984 
0.5008 0.5002 0.4996 0.4990 
0.5014 0.5008 0.5002 0.4997 
0.4994 0.4988 0.4983 0.4977 
0.5001 0.4995 0.4989 0.4984 
0.5007 0.5002 0.4996 0.4990 
0.5014 0.5008 0.5002 0.4997 
0.4998 0.4991 0.4985 0.4980 
0.5003 0.4997 0.4991 0.4985 
0.5008 0.5002 0.4996 0.4990 
0.5012 0.5006 0.5000 0.4995 
0.4997 0.4991 0.4985 0.4979 
0.5003 0.4996 0.4990 0.4985 
0.5008 0.5002 0.4996 0.4990 
0.5013 0.5007 0.5001 0.4995 
0.4996 0.4990 0.4984 0.4979 
0.5002 0.4996 0.4990 0.4985 
0.5008 0.5002 0.4996 0.4990 
0.5013 0.5007 0.5001 0.4996 
0.4996 0.4990 0.4984 0.4978 
0.5002 0.4996 0.4990 0.4984 
0.5008 0.5002 0.4996 0.4990 
0.5013 0.5008 0.5002 0.4996 
0.5000 0.4994 0.4988 0.4983 
0.5004 0.4998 0.4992 0.4986 
0.5007 0.5001 0.4995 0.4990 
0.5009 0.5004 0.4998 0.4993 
0.5000 0.4993 0.4987 0.4982 
0.5004 0.4997 0.4991 0.4986 
0.5007 0.5001 0.4995 0.4990 
0.5010 0.5004 0.4999 0.4994 
0.4999 0.4993 0.4987 0.4981 
0.5003 0.4997 0.4991 0.4985 
0.5007 0.5001 0.4995 0.4990 
0.5011 0.5005 0.4999 0.4994 
0.4998 0.4992 0.4986 0.4980 
0.5003 0.4997 0.4991 0.4985 
0.5007 0.5001 0.4996 0.4990 
0.5011 0.5006 0.5000 0.4994 
0.5003 0.4998 0.4993 0.4989 
0.5004 0.5000 0.4995 0.4991 
0.5006 0.5001 0.4997 0.4993 
0.5007 0.5003 0.4999 0.4995 
0.5002 0.4997 0.4992 0.4987 
0.5004 0.4999 0.4994 0.4990 
0.5006 0.5001 0.4996 0.4992 
0.5007 0.5003 0.4998 0.4994 
0.5002 0.4996 0.4991 0.4986 
0.5004 0.4999 0.4993 0.4988 
0.5006 0.5001 0.4996 0.4991 
0.5008 0.5003 0.4998 0.4994 
0.5001 0.4995 0.4989 0.4984 
0.5004 0.4998 0.4993 0.4987 
0.5006 0.5001 0.4995 0.4990 
0.5008 0.5003 0.4998 0.4993 
0.5002 0.4999 0.4997 0.4995 
0.5003 0.5001 0.4999 0.4997 
0.5004 0.5002 0.5000 0.4999 
0.5004 0.5003 0.5001 0.5000 
0.5003 0.5000 0.4997 0.4994 
0.5004 0.5001 0.4998 0.4996 
0.5005 0.5002 0.5000 0.4997 
0.5005 0.5003 0.5001 0.4999 
0.5003 0.4999 0.4996 0.4993 
0.5004 0.5001 0.4997 0.4994 
0.5005 0.5002 0.4999 0.4996 
0.5006 0.5003 0.5000 0.4998 
0.5003 0.4999 0.4995 0.4991 
0.5004 0.5000 0.4996 0.4993 
0.5006 0.5002 0.4998 0.4995 
0.5006 0.5003 0.4999 0.4996 
0.4993 0.4994 0.4994 0.4995 
0.4995 0.4995 0.4996 0.4998 
0.4996 0.4997 0.4998 0.5000 
0.4997 0.4999 0.5000 0.5002 
0.4996 0.4996 0.4996 0.4996 
0.4998 0.4997 0.4998 0.4998 
0.4999 0.4999 0.4999 0.5000 
0.5000 0.5000 0.5001 0.5002 
0.4999 0.4998 0.4997 0.4997 
0.5000 0.4999 0.4999 0.4998 
0.5001 0.5000 0.5000 0.5000 
0.5002 0.5001 0.5001 0.5002 
0.5001 0.4999 0.4997 0.4996 
0.5002 0.5000 0.4999 0.4998 
0.5003 0.5001 0.5000 0.5000 
0.5003 0.5002 0.5002 0.5001 
0.4980 0.4982 0.4985 0.4988 
0.4982 0.4985 0.4988 0.4991 
0.4984 0.4987 0.4990 0.4994 
0.4986 0.4989 0.4993 0.4997 
0.4983 0.4985 0.4987 0.4990 
0.4985 0.4987 0.4990 0.4993 
0.4987 0.4990 0.4993 0.4996 
0.4989 0.4992 0.4995 0.4999 
0.4987 0.4988 0.4990 0.4992 
0.4989 0.4990 0.4992 0.4995 
0.4990 0.4992 0.4995 0.4997 
0.4992 0.4994 0.4997 0.5000 
0.4990 0.4991 0.4992 0.4994 
0.4992 0.4993 0.4995 0.4996 
0.4993 0.4995 0.4997 0.4999 
0.4995 0.4997 0.4999 0.5001 
0.4971 0.4975 0.4978 0.4982 
0.4974 0.4978 0.4982 0.4986 
0.4977 0.4981 0.4985 0.4990 
0.4979 0.4983 0.4988 0.4993 
0.4972 0.4975 0.4979 0.4983 
0.4975 0.4978 0.4982 0.4987 
0.4978 0.4981 0.4986 0.4990 
0.4980 0.4984 0.4989 0.4993 
0.4974 0.4977 0.4980 0.4984 
0.4977 0.4980 0.4984 0.4988 
0.4979 0.4983 0.4987 0.4991 
0.4981 0.4985 0.4990 0.4994 
0.4977 0.4979 0.4982 0.4986 
0.4979 0.4982 0.4985 0.4989 
0.4981 0.4985 0.4988 0.4993 
0.4984 0.4987 0.4991 0.4996 
0.4968 0.4962 0.4957 0.4953 
0.4974 0.4969 0.4964 0.4959 
0.4981 0.4975 0.4970 0.4965 
0.4988 0.4982 0.4977 0.4971 
0.4966 0.4961 0.4957 0.4952 
0.4973 0.4968 0.4963 0.4958 
0.4980 0.4975 0.4969 0.4965 
0.4987 0.4982 0.4976 0.4971 
0.4966 0.4961 0.4956 0.4952 
0.4973 0.4967 0.4962 0.4958 
0.4980 0.4974 0.4969 0.4964 
0.4987 0.4981 0.4976 0.4971 
0.4965 0.4960 0.4956 0.4952 
0.4972 0.4967 0.4962 0.4958 
0.4980 0.4974 0.4969 0.4964 
0.4987 0.4981 0.4976 0.4971 
0.4974 0.4968 0.4963 0.4958 
0.4980 0.4974 0.4968 0.4963 
0.4986 0.4980 0.4974 0.4969 
0.4992 0.4986 0.4980 0.4974 
0.4972 0.4966 0.4961 0.4956 
0.4979 0.4973 0.4967 0.4962 
0.4985 0.4979 0.4973 0.4967 
0.4991 0.4985 0.4979 0.4973 
0.4971 0.4965 0.4960 0.4955 
0.4977 0.4971 0.4966 0.4961 
0.4984 0.4977 0.4972 0.4967 
0.4990 0.4984 0.4978 0.4973 
0.4969 0.4963 0.4958 0.4954 
0.4976 0.4970 0.4965 0.4960 
0.4982 0.4976 0.4971 0.4966 
0.4989 0.4983 0.4977 0.4972 
0.4984 0.4977 0.4972 0.4967 
0.4988 0.4982 0.4976 0.4971 
0.4993 0.4986 0.4980 0.4975 
0.4997 0.4990 0.4984 0.4979 
0.4981 0.4975 0.4969 0.4964 
0.4986 0.4980 0.4974 0.4969 
0.4991 0.4985 0.4978 0.4973 
0.4996 0.4989 0.4983 0.4977 
0.4979 0.4973 0.4967 0.4962 
0.4984 0.4978 0.4972 0.4966 
0.4989 0.4983 0.4977 0.4971 
0.4994 0.4988 0.4982 0.4976 
0.4977 0.4970 0.4965 0.4960 
0.4982 0.4976 0.4970 0.4965 
0.4988 0.4981 0.4975 0.4970 
0.4993 0.4987 0.4981 0.4975 
0.4992 0.4987 0.4983 0.4979 
0.4995 0.4990 0.4986 0.4981 
0.4998 0.4993 0.4988 0.4984 
0.5001 0.4996 0.4991 0.4987 
0.4991 0.4985 0.4980 0.4976 
0.4994 0.4988 0.4983 0.4979 
0.4997 0.4991 0.4986 0.4982 
0.5000 0.4994 0.4989 0.4984 
0.4988 0.4983 0.4977 0.4973 
0.4992 0.4986 0.4981 0.4976 
0.4996 0.4990 0.4984 0.4979 
0.4999 0.4993 0.4987 0.4982 
0.4986 0.4980 0.4975 0.4970 
0.4990 0.4984 0.4978 0.4973 
0.4994 0.4988 0.4982 0.4977 
0.4998 0.4992 0.4986 0.4981 
0.4995 0.4992 0.4990 0.4988 
0.4997 0.4994 0.4992 0.4990 
0.4999 0.4996 0.4994 0.4992 
0.5000 0.4998 0.4996 0.4994 
0.4995 0.4992 0.4989 0.4986 
0.4997 0.4994 0.4991 0.4988 
0.4999 0.4996 0.4993 0.4990 
0.5001 0.4998 0.4995 0.4992 
0.4995 0.4991 0.4987 0.4984 
0.4997 0.4993 0.4990 0.4986 
0.5000 0.4995 0.4992 0.4989 
0.5001 0.4997 0.4994 0.4991 
0.4994 0.4989 0.4985 0.4982 
0.4997 0.4992 0.4988 0.4984 
0.4999 0.4994 0.4990 0.4986 
0.5001 0.4997 0.4992 0.4989 
0.4985 0.4985 0.4985 0.4985 
0.4987 0.4987 0.4987 0.4988 
0.4990 0.4989 0.4990 0.4991 
0.4992 0.4992 0.4992 0.4993 
0.4988 0.4988 0.4987 0.4987 
0.4991 0.4990 0.4990 0.4990 
0.4993 0.4992 0.4992 0.4992 
0.4995 0.4994 0.4994 0.4994 
0.4991 0.4990 0.4989 0.4988 
0.4994 0.4992 0.4991 0.4990 
0.4996 0.4994 0.4993 0.4993 
0.4997 0.4996 0.4995 0.4995 
0.4993 0.4991 0.4990 0.4988 
0.4996 0.4993 0.4992 0.4990 
0.4997 0.4995 0.4994 0.4992 
0.4999 0.4997 0.4996 0.4994 
0.4968 0.4969 0.4971 0.4974 
0.4971 0.4973 0.4975 0.4978 
0.4974 0.4976 0.4978 0.4981 
0.4977 0.4979 0.4982 0.4985 
0.4972 0.4973 0.4975 0.4977 
0.4975 0.4976 0.4978 0.4980 
0.4978 0.4979 0.4981 0.4984 
0.4981 0.4982 0.4984 0.4987 
0.4977 0.4977 0.4978 0.4980 
0.4980 0.4980 0.4981 0.4983 
0.4982 0.4983 0.4984 0.4986 
0.4984 0.4986 0.4987 0.4989 
0.4981 0.4981 0.4982 0.4983 
0.4984 0.4984 0.4985 0.4986 
0.4986 0.4986 0.4987 0.4989 
0.4988 0.4989 0.4990 0.4991 
0.4958 0.4960 0.4963 0.4966 
0.4962 0.4964 0.4967 0.4970 
0.4965 0.4968 0.4971 0.4974 
0.4968 0.4971 0.4975 0.4978 
0.4959 0.4961 0.4964 0.4967 
0.4963 0.4965 0.4968 0.4971 
0.4966 0.4969 0.4972 0.4975 
0.4969 0.4972 0.4975 0.4979 
0.4961 0.4963 0.4966 0.4969 
0.4965 0.4967 0.4969 0.4973 
0.4968 0.4970 0.4973 0.4977 
0.4971 0.4974 0.4977 0.4980 
0.4964 0.4966 0.4968 0.4971 
0.4968 0.4970 0.4972 0.4975 
0.4971 0.4973 0.4976 0.4979 
0.4974 0.4976 0.4979 0.4982 
0.4943 0.4939 0.4936 0.4934 
0.4949 0.4944 0.4941 0.4938 
0.4955 0.4950 0.4946 0.4942 
0.4961 0.4956 0.4951 0.4948 
0.4942 0.4938 0.4935 0.4933 
0.4947 0.4943 0.4940 0.4937 
0.4953 0.4949 0.4945 0.4942 
0.4960 0.4955 0.4951 0.4947 
0.4941 0.4937 0.4934 0.4932 
0.4947 0.4943 0.4939 0.4936 
0.4953 0.4948 0.4944 0.4941 
0.4959 0.4954 0.4950 0.4946 
0.4940 0.4937 0.4934 0.4932 
0.4946 0.4942 0.4939 0.4936 
0.4952 0.4948 0.4944 0.4941 
0.4959 0.4954 0.4950 0.4946 
0.4952 0.4947 0.4944 0.4940 
0.4957 0.4952 0.4948 0.4944 
0.4963 0.4957 0.4952 0.4948 
0.4968 0.4963 0.4957 0.4953 
0.4949 0.4945 0.4941 0.4938 
0.4955 0.4950 0.4946 0.4942 
0.4960 0.4955 0.4950 0.4946 
0.4966 0.4961 0.4956 0.4951 
0.4947 0.4943 0.4939 0.4936 
0.4952 0.4948 0.4944 0.4940 
0.4958 0.4953 0.4949 0.4945 
0.4964 0.4959 0.4954 0.4950 
0.4945 0.4941 0.4937 0.4935 
0.4950 0.4946 0.4942 0.4939 
0.4956 0.4951 0.4947 0.4943 
0.4962 0.4957 0.4953 0.4948 
0.4966 0.4961 0.4957 0.4953 
0.4970 0.4965 0.4960 0.4956 
0.4974 0.4969 0.4964 0.4959 
0.4979 0.4973 0.4968 0.4963 
0.4962 0.4957 0.4953 0.4949 
0.4966 0.4961 0.4957 0.4953 
0.4971 0.4966 0.4961 0.4956 
0.4976 0.4970 0.4965 0.4960 
0.4958 0.4954 0.4949 0.4946 
0.4963 0.4958 0.4953 0.4949 
0.4968 0.4963 0.4958 0.4953 
0.4973 0.4968 0.4962 0.4957 
0.4955 0.4950 0.4946 0.4943 
0.4960 0.4955 0.4950 0.4947 
0.4965 0.4960 0.4955 0.4951 
0.4971 0.4965 0.4960 0.4955 
0.4979 0.4975 0.4972 0.4969 
0.4983 0.4978 0.4975 0.4971 
0.4986 0.4981 0.4977 0.4974 
0.4989 0.4984 0.4980 0.4976 
0.4976 0.4972 0.4968 0.4965 
0.4980 0.4975 0.4971 0.4968 
0.4983 0.4978 0.4974 0.4970 
0.4987 0.4982 0.4977 0.4973 
0.4973 0.4969 0.4965 0.4961 
0.4977 0.4972 0.4967 0.4964 
0.4981 0.4975 0.4971 0.4967 
0.4984 0.4979 0.4974 0.4970 
0.4969 0.4965 0.4961 0.4957 
0.4973 0.4968 0.4964 0.4960 
0.4977 0.4972 0.4967 0.4963 
0.4982 0.4976 0.4971 0.4966 
0.4984 0.4982 0.4980 0.4979 
0.4987 0.4984 0.4982 0.4981 
0.4990 0.4987 0.4985 0.4983 
0.4992 0.4989 0.4987 0.4985 
0.4984 0.4982 0.4979 0.4978 
0.4987 0.4984 0.4982 0.4980 
0.4990 0.4987 0.4984 0.4982 
0.4993 0.4989 0.4986 0.4984 
0.4983 0.4980 0.4978 0.4975 
0.4986 0.4983 0.4980 0.4978 
0.4989 0.4986 0.4982 0.4980 
0.4992 0.4988 0.4985 0.4982 
0.4982 0.4978 0.4975 0.4973 
0.4985 0.4981 0.4978 0.4975 
0.4988 0.4984 0.4980 0.4977 
0.4991 0.4987 0.4983 0.4979 
0.4973 0.4973 0.4973 0.4974 
0.4976 0.4976 0.4976 0.4977 
0.4979 0.4979 0.4979 0.4980 
0.4982 0.4982 0.4982 0.4983 
0.4977 0.4976 0.4976 0.4977 
0.4980 0.4979 0.4979 0.4979 
0.4983 0.4982 0.4982 0.4982 
0.4986 0.4985 0.4985 0.4985 
0.4980 0.4979 0.4979 0.4978 
0.4983 0.4982 0.4981 0.4981 
0.4986 0.4985 0.4984 0.4983 
0.4989 0.4987 0.4986 0.4986 
0.4983 0.4981 0.4980 0.4979 
0.4986 0.4984 0.4982 0.4981 
0.4988 0.4986 0.4985 0.4984 
0.4991 0.4989 0.4987 0.4986 
0.4953 0.4954 0.4956 0.4959 
0.4957 0.4958 0.4960 0.4963 
0.4961 0.4962 0.4964 0.4966 
0.4965 0.4966 0.4968 0.4970 
0.4958 0.4959 0.4960 0.4963 
0.4962 0.4963 0.4964 0.4966 
0.4966 0.4966 0.4968 0.4970 
0.4969 0.4970 0.4971 0.4974 
0.4963 0.4964 0.4965 0.4967 
0.4967 0.4967 0.4968 0.4970 
0.4970 0.4971 0.4972 0.4974 
0.4974 0.4974 0.4975 0.4977 
0.4968 0.4968 0.4969 0.4971 
0.4972 0.4972 0.4973 0.4974 
0.4975 0.4975 0.4976 0.4977 
0.4978 0.4978 0.4979 0.4980 
0.4941 0.4943 0.4945 0.4949 
0.4946 0.4947 0.4950 0.4953 
0.4950 0.4952 0.4954 0.4958 
0.4954 0.4956 0.4959 0.4962 
0.4942 0.4944 0.4947 0.4950 
0.4947 0.4949 0.4951 0.4954 
0.4951 0.4953 0.4955 0.4959 
0.4955 0.4957 0.4960 0.4963 
0.4945 0.4946 0.4949 0.4952 
0.4949 0.4951 0.4953 0.4956 
0.4954 0.4955 0.4957 0.4961 
0.4958 0.4959 0.4962 0.4965 
0.4949 0.4950 0.4952 0.4955 
0.4953 0.4954 0.4956 0.4959 
0.4957 0.4958 0.4960 0.4963 
0.4961 0.4962 0.4964 0.4967 
0.4923 0.4922 0.4921 0.4921 
0.4928 0.4926 0.4924 0.4923 
0.4933 0.4930 0.4928 0.4926 
0.4938 0.4934 0.4932 0.4930 
0.4922 0.4920 0.4920 0.4920 
0.4926 0.4924 0.4923 0.4922 
0.4931 0.4929 0.4927 0.4926 
0.4936 0.4933 0.4931 0.4929 
0.4921 0.4919 0.4919 0.4919 
0.4925 0.4924 0.4922 0.4922 
0.4930 0.4928 0.4926 0.4925 
0.4935 0.4932 0.4930 0.4928 
0.4920 0.4919 0.4918 0.4918 
0.4925 0.4923 0.4922 0.4921 
0.4930 0.4927 0.4926 0.4925 
0.4935 0.4932 0.4930 0.4928 
0.4934 0.4932 0.4931 0.4930 
0.4938 0.4936 0.4933 0.4932 
0.4942 0.4939 0.4936 0.4934 
0.4947 0.4943 0.4940 0.4937 
0.4931 0.4929 0.4928 0.4927 
0.4935 0.4932 0.4930 0.4929 
0.4939 0.4936 0.4934 0.4932 
0.4944 0.4940 0.4937 0.4935 
0.4928 0.4926 0.4925 0.4924 
0.4932 0.4930 0.4928 0.4927 
0.4937 0.4934 0.4931 0.4930 
0.4942 0.4938 0.4935 0.4933 
0.4925 0.4924 0.4923 0.4922 
0.4930 0.4928 0.4926 0.4925 
0.4934 0.4932 0.4929 0.4928 
0.4939 0.4936 0.4933 0.4931 
0.4952 0.4949 0.4947 0.4946 
0.4955 0.4952 0.4949 0.4947 
0.4958 0.4954 0.4951 0.4949 
0.4962 0.4957 0.4954 0.4951 
0.4947 0.4945 0.4943 0.4941 
0.4950 0.4947 0.4945 0.4943 
0.4954 0.4950 0.4947 0.4945 
0.4958 0.4953 0.4950 0.4947 
0.4943 0.4940 0.4938 0.4937 
0.4946 0.4943 0.4941 0.4939 
0.4950 0.4946 0.4943 0.4941 
0.4954 0.4950 0.4946 0.4943 
0.4938 0.4936 0.4934 0.4933 
0.4942 0.4939 0.4937 0.4935 
0.4946 0.4942 0.4940 0.4937 
0.4950 0.4946 0.4943 0.4940 
0.4969 0.4967 0.4965 0.4963 
0.4971 0.4968 0.4966 0.4964 
0.4974 0.4970 0.4968 0.4966 
0.4976 0.4973 0.4970 0.4967 
0.4965 0.4963 0.4961 0.4959 
0.4968 0.4965 0.4962 0.4960 
0.4970 0.4967 0.4964 0.4962 
0.4973 0.4969 0.4966 0.4963 
0.4961 0.4959 0.4957 0.4955 
0.4964 0.4961 0.4958 0.4956 
0.4966 0.4963 0.4960 0.4957 
0.4970 0.4966 0.4962 0.4959 
0.4957 0.4954 0.4952 0.4950 
0.4959 0.4956 0.4954 0.4952 
0.4962 0.4959 0.4956 0.4953 
0.4966 0.4961 0.4958 0.4955 
0.4974 0.4973 0.4972 0.4971 
0.4976 0.4975 0.4974 0.4973 
0.4979 0.4977 0.4976 0.4975 
0.4981 0.4979 0.4978 0.4977 
0.4974 0.4973 0.4972 0.4971 
0.4976 0.4975 0.4973 0.4972 
0.4979 0.4977 0.4975 0.4974 
0.4981 0.4979 0.4977 0.4976 
0.4974 0.4972 0.4970 0.4969 
0.4976 0.4974 0.4972 0.4971 
0.4978 0.4976 0.4974 0.4972 
0.4981 0.4978 0.4976 0.4974 
0.4972 0.4970 0.4968 0.4967 
0.4974 0.4971 0.4969 0.4968 
0.4976 0.4973 0.4971 0.4969 
0.4979 0.4976 0.4973 0.4971 
0.4960 0.4960 0.4961 0.4962 
0.4963 0.4963 0.4964 0.4965 
0.4966 0.4966 0.4967 0.4968 
0.4970 0.4970 0.4970 0.4971 
0.4965 0.4965 0.4965 0.4966 
0.4968 0.4968 0.4968 0.4968 
0.4971 0.4970 0.4971 0.4971 
0.4974 0.4973 0.4973 0.4974 
0.4969 0.4969 0.4969 0.4969 
0.4972 0.4971 0.4971 0.4971 
0.4974 0.4974 0.4973 0.4973 
0.4977 0.4976 0.4976 0.4976 
0.4972 0.4971 0.4971 0.4971 
0.4974 0.4973 0.4973 0.4973 
0.4977 0.4976 0.4975 0.4975 
0.4980 0.4978 0.4977 0.4977 
0.4936 0.4938 0.4940 0.4943 
0.4940 0.4942 0.4944 0.4947 
0.4944 0.4946 0.4948 0.4951 
0.4949 0.4950 0.4952 0.4955 
0.4942 0.4943 0.4945 0.4948 
0.4946 0.4947 0.4949 0.4951 
0.4950 0.4951 0.4953 0.4955 
0.4954 0.4955 0.4957 0.4959 
0.4948 0.4949 0.4951 0.4953 
0.4952 0.4953 0.4954 0.4956 
0.4955 0.4956 0.4958 0.4960 
0.4959 0.4960 0.4961 0.4963 
0.4954 0.4955 0.4956 0.4958 
0.4957 0.4958 0.4959 0.4961 
0.4961 0.4961 0.4962 0.4964 
0.4965 0.4965 0.4966 0.4967 
0.4922 0.4924 0.4927 0.4931 
0.4927 0.4929 0.4932 0.4936 
0.4932 0.4934 0.4936 0.4940 
0.4936 0.4938 0.4941 0.4944 
0.4924 0.4926 0.4929 0.4933 
0.4928 0.4930 0.4933 0.4937 
0.4933 0.4935 0.4938 0.4941 
0.4938 0.4939 0.4942 0.4946 
0.4927 0.4929 0.4932 0.4935 
0.4931 0.4933 0.4936 0.4939 
0.4936 0.4937 0.4940 0.4944 
0.4940 0.4942 0.4945 0.4948 
0.4931 0.4933 0.4935 0.4939 
0.4935 0.4937 0.4939 0.4943 
0.4940 0.4941 0.4944 0.4947 
0.4944 0.4946 0.4948 0.4951 
0.4908 0.4909 0.4910 0.4912 
0.4911 0.4912 0.4913 0.4914 
0.4915 0.4915 0.4915 0.4916 
0.4919 0.4918 0.4918 0.4918 
0.4906 0.4907 0.4909 0.4911 
0.4909 0.4910 0.4911 0.4912 
0.4913 0.4913 0.4914 0.4915 
0.4917 0.4917 0.4916 0.4917 
0.4904 0.4906 0.4907 0.4909 
0.4908 0.4909 0.4910 0.4911 
0.4912 0.4912 0.4913 0.4914 
0.4916 0.4916 0.4916 0.4916 
0.4904 0.4905 0.4907 0.4909 
0.4907 0.4908 0.4909 0.4911 
0.4911 0.4911 0.4912 0.4913 
0.4916 0.4915 0.4915 0.4916 
0.4923 0.4923 0.4924 0.4925 
0.4925 0.4925 0.4925 0.4926 
0.4928 0.4927 0.4927 0.4927 
0.4931 0.4929 0.4929 0.4928 
0.4918 0.4919 0.4919 0.4921 
0.4921 0.4921 0.4921 0.4922 
0.4924 0.4923 0.4923 0.4923 
0.4927 0.4926 0.4925 0.4925 
0.4914 0.4915 0.4916 0.4917 
0.4917 0.4917 0.4918 0.4919 
0.4920 0.4920 0.4920 0.4920 
0.4924 0.4923 0.4922 0.4922 
0.4911 0.4912 0.4913 0.4915 
0.4914 0.4914 0.4915 0.4916 
0.4917 0.4917 0.4917 0.4918 
0.4921 0.4920 0.4920 0.4920 
0.4944 0.4944 0.4944 0.4944 
0.4946 0.4945 0.4944 0.4944 
0.4947 0.4946 0.4945 0.4944 
0.4949 0.4948 0.4946 0.4945 
0.4939 0.4938 0.4938 0.4939 
0.4940 0.4940 0.4939 0.4939 
0.4942 0.4941 0.4940 0.4940 
0.4945 0.4943 0.4941 0.4940 
0.4933 0.4933 0.4933 0.4934 
0.4935 0.4934 0.4934 0.4934 
0.4937 0.4936 0.4935 0.4935 
0.4940 0.4938 0.4937 0.4936 
0.4928 0.4928 0.4928 0.4929 
0.4930 0.4929 0.4929 0.4930 
0.4932 0.4931 0.4931 0.4931 
0.4935 0.4934 0.4932 0.4932 
0.4964 0.4963 0.4963 0.4962 
0.4965 0.4964 0.4963 0.4962 
0.4966 0.4964 0.4963 0.4962 
0.4967 0.4965 0.4964 0.4963 
0.4960 0.4959 0.4959 0.4958 
0.4961 0.4960 0.4959 0.4958 
0.4962 0.4961 0.4959 0.4958 
0.4963 0.4962 0.4960 0.4959 
0.4955 0.4955 0.4954 0.4954 
0.4956 0.4955 0.4954 0.4954 
0.4958 0.4956 0.4955 0.4954 
0.4959 0.4957 0.4956 0.4954 
0.4950 0.4949 0.4949 0.4949 
0.4951 0.4950 0.4950 0.4949 
0.4953 0.4951 0.4950 0.4949 
0.4954 0.4953 0.4951 0.4950 
0.4967 0.4967 0.4967 0.4967 
0.4969 0.4968 0.4968 0.4968 
0.4970 0.4969 0.4969 0.4969 
0.4972 0.4971 0.4970 0.4970 
0.4969 0.4968 0.4968 0.4968 
0.4970 0.4969 0.4968 0.4968 
0.4971 0.4970 0.4969 0.4969 
0.4972 0.4971 0.4970 0.4970 
0.4968 0.4968 0.4967 0.4967 
0.4969 0.4968 0.4968 0.4967 
0.4970 0.4969 0.4968 0.4968 
0.4972 0.4970 0.4969 0.4968 
0.4967 0.4966 0.4965 0.4965 
0.4967 0.4967 0.4966 0.4965 
0.4969 0.4967 0.4966 0.4965 
0.4970 0.4968 0.4967 0.4966 
0.4950 0.4950 0.4951 0.4953 
0.4952 0.4952 0.4953 0.4955 
0.4954 0.4955 0.4956 0.4957 
0.4957 0.4957 0.4958 0.4959 
0.4956 0.4956 0.4957 0.4958 
0.4958 0.4958 0.4959 0.4959 
0.4960 0.4960 0.4961 0.4961 
0.4962 0.4962 0.4963 0.4964 
0.4961 0.4961 0.4961 0.4962 
0.4963 0.4963 0.4963 0.4963 
0.4964 0.4964 0.4964 0.4965 
0.4967 0.4966 0.4966 0.4967 
0.4965 0.4965 0.4965 0.4965 
0.4966 0.4966 0.4966 0.4966 
0.4968 0.4967 0.4967 0.4967 
0.4970 0.4969 0.4969 0.4969 
0.4922 0.4924 0.4927 0.4930 
0.4925 0.4927 0.4929 0.4932 
0.4928 0.4930 0.4933 0.4936 
0.4932 0.4934 0.4936 0.4939 
0.4929 0.4930 0.4933 0.4935 
0.4931 0.4933 0.4935 0.4938 
0.4934 0.4936 0.4938 0.4941 
0.4938 0.4940 0.4942 0.4944 
0.4936 0.4937 0.4939 0.4941 
0.4938 0.4940 0.4941 0.4944 
0.4941 0.4942 0.4944 0.4946 
0.4944 0.4946 0.4947 0.4949 
0.4943 0.4944 0.4945 0.4947 
0.4945 0.4946 0.4948 0.4949 
0.4948 0.4949 0.4950 0.4952 
0.4951 0.4952 0.4953 0.4955 
0.4906 0.4909 0.4913 0.4917 
0.4910 0.4912 0.4916 0.4920 
0.4913 0.4916 0.4919 0.4923 
0.4918 0.4920 0.4923 0.4927 
0.4908 0.4911 0.4914 0.4918 
0.4911 0.4914 0.4917 0.4921 
0.4915 0.4918 0.4921 0.4925 
0.4919 0.4922 0.4925 0.4928 
0.4911 0.4914 0.4917 0.4921 
0.4915 0.4917 0.4920 0.4924 
0.4918 0.4921 0.4924 0.4927 
0.4922 0.4924 0.4927 0.4931 
0.4916 0.4919 0.4921 0.4925 
0.4919 0.4922 0.4924 0.4928 
0.4923 0.4925 0.4928 0.4931 
0.4927 0.4929 0.4931 0.4935 
0.4900 0.4903 0.4905 0.4908 
0.4901 0.4903 0.4906 0.4909 
0.4903 0.4905 0.4907 0.4910 
0.4905 0.4907 0.4908 0.4911 
0.4898 0.4900 0.4903 0.4906 
0.4899 0.4901 0.4904 0.4907 
0.4900 0.4903 0.4905 0.4908 
0.4903 0.4904 0.4907 0.4909 
0.4896 0.4899 0.4902 0.4905 
0.4897 0.4900 0.4902 0.4906 
0.4899 0.4901 0.4904 0.4906 
0.4901 0.4903 0.4905 0.4908 
0.4895 0.4898 0.4901 0.4904 
0.4896 0.4899 0.4902 0.4905 
0.4898 0.4900 0.4903 0.4906 
0.4901 0.4902 0.4905 0.4907 
0.4917 0.4919 0.4921 0.4923 
0.4918 0.4919 0.4921 0.4923 
0.4919 0.4920 0.4922 0.4923 
0.4920 0.4921 0.4922 0.4924 
0.4912 0.4914 0.4916 0.4918 
0.4913 0.4914 0.4916 0.4919 
0.4914 0.4915 0.4917 0.4919 
0.4916 0.4917 0.4918 0.4920 
0.4907 0.4910 0.4912 0.4914 
0.4908 0.4910 0.4912 0.4915 
0.4910 0.4911 0.4913 0.4915 
0.4911 0.4913 0.4914 0.4916 
0.4904 0.4906 0.4908 0.4911 
0.4904 0.4906 0.4909 0.4911 
0.4906 0.4908 0.4910 0.4912 
0.4908 0.4909 0.4911 0.4913 
0.4942 0.4942 0.4943 0.4944 
0.4942 0.4943 0.4943 0.4944 
0.4942 0.4943 0.4943 0.4944 
0.4943 0.4943 0.4944 0.4944 
0.4935 0.4936 0.4937 0.4939 
0.4936 0.4937 0.4938 0.4939 
0.4936 0.4937 0.4938 0.4939 
0.4937 0.4938 0.4938 0.4939 
0.4929 0.4930 0.4932 0.4933 
0.4930 0.4931 0.4932 0.4933 
0.4930 0.4931 0.4932 0.4933 
0.4931 0.4932 0.4933 0.4933 
0.4923 0.4924 0.4926 0.4928 
0.4924 0.4925 0.4926 0.4928 
0.4924 0.4925 0.4927 0.4928 
0.4926 0.4926 0.4927 0.4929 
0.4962 0.4962 0.4962 0.4963 
0.4962 0.4962 0.4962 0.4962 
0.4963 0.4963 0.4962 0.4962 
0.4963 0.4963 0.4962 0.4962 
0.4958 0.4958 0.4959 0.4959 
0.4958 0.4959 0.4959 0.4959 
0.4959 0.4959 0.4959 0.4959 
0.4959 0.4959 0.4959 0.4959 
0.4953 0.4954 0.4954 0.4955 
0.4954 0.4954 0.4954 0.4954 
0.4954 0.4954 0.4954 0.4954 
0.4954 0.4954 0.4954 0.4954 
0.4948 0.4948 0.4949 0.4950 
0.4948 0.4948 0.4949 0.4949 
0.4948 0.4949 0.4949 0.4949 
0.4949 0.4949 0.4949 0.4949 
0.4965 0.4965 0.4965 0.4965 
0.4965 0.4965 0.4965 0.4966 
0.4966 0.4966 0.4966 0.4966 
0.4967 0.4966 0.4966 0.4966 
0.4967 0.4967 0.4967 0.4967 
0.4967 0.4967 0.4967 0.4967 
0.4967 0.4967 0.4967 0.4967 
0.4968 0.4967 0.4967 0.4967 
0.4967 0.4967 0.4967 0.4967 
0.4967 0.4967 0.4967 0.4967 
0.4967 0.4967 0.4967 0.4967 
0.4968 0.4967 0.4967 0.4967 
0.4965 0.4965 0.4965 0.4965 
0.4965 0.4965 0.4965 0.4965 
0.4966 0.4965 0.4965 0.4965 
0.4966 0.4966 0.4965 0.4965 
0.4946 0.4946 0.4947 0.4949 
0.4946 0.4947 0.4948 0.4949 
0.4947 0.4948 0.4949 0.4950 
0.4948 0.4949 0.4950 0.4951 
0.4952 0.4953 0.4953 0.4954 
0.4953 0.4953 0.4954 0.4955 
0.4953 0.4954 0.4955 0.4955 
0.4954 0.4955 0.4956 0.4956 
0.4958 0.4958 0.4959 0.4959 
0.4958 0.4958 0.4959 0.4959 
0.4959 0.4959 0.4959 0.4960 
0.4960 0.4960 0.4960 0.4961 
0.4962 0.4962 0.4963 0.4963 
0.4963 0.4963 0.4963 0.4963 
0.4963 0.4963 0.4963 0.4964 
0.4964 0.4964 0.4964 0.4964 
0.4916 0.4918 0.4921 0.4924 
0.4917 0.4919 0.4921 0.4924 
0.4918 0.4920 0.4923 0.4926 
0.4920 0.4922 0.4924 0.4927 
0.4923 0.4925 0.4927 0.4930 
0.4924 0.4926 0.4928 0.4930 
0.4925 0.4927 0.4929 0.4931 
0.4926 0.4928 0.4931 0.4933 
0.4931 0.4932 0.4934 0.4936 
0.4931 0.4933 0.4934 0.4937 
0.4932 0.4934 0.4936 0.4938 
0.4934 0.4935 0.4937 0.4939 
0.4938 0.4939 0.4941 0.4942 
0.4939 0.4940 0.4941 0.4943 
0.4940 0.4941 0.4942 0.4944 
0.4941 0.4942 0.4944 0.4945 
0.4900 0.4903 0.4906 0.4910 
0.4900 0.4903 0.4907 0.4911 
0.4902 0.4905 0.4908 0.4912 
0.4904 0.4907 0.4910 0.4914 
0.4901 0.4904 0.4908 0.4911 
0.4902 0.4905 0.4908 0.4912 
0.4903 0.4906 0.4910 0.4913 
0.4906 0.4908 0.4912 0.4915 
0.4905 0.4908 0.4911 0.4914 
0.4906 0.4908 0.4911 0.4915 
0.4907 0.4910 0.4913 0.4916 
0.4909 0.4912 0.4915 0.4918 
0.4910 0.4912 0.4915 0.4918 
0.4911 0.4913 0.4916 0.4919 
0.4912 0.4914 0.4917 0.4920 
0.4914 0.4916 0.4919 0.4922 
0.5053 0.5049 0.5044 0.5039 
0.5055 0.5050 0.5046 0.5041 
0.5056 0.5052 0.5047 0.5042 
0.5057 0.5052 0.5048 0.5043 
0.5055 0.5050 0.5045 0.5040 
0.5057 0.5052 0.5047 0.5042 
0.5058 0.5053 0.5048 0.5043 
0.5059 0.5054 0.5049 0.5044 
0.5056 0.5051 0.5046 0.5041 
0.5058 0.5053 0.5048 0.5043 
0.5059 0.5055 0.5050 0.5044 
0.5060 0.5055 0.5050 0.5045 
0.5056 0.5051 0.5046 0.5041 
0.5059 0.5054 0.5049 0.5043 
0.5060 0.5055 0.5050 0.5045 
0.5061 0.5056 0.5051 0.5046 
0.5043 0.5039 0.5035 0.5030 
0.5044 0.5040 0.5036 0.5031 
0.5044 0.5040 0.5036 0.5032 
0.5044 0.5041 0.5037 0.5033 
0.5046 0.5042 0.5037 0.5033 
0.5047 0.5043 0.5039 0.5034 
0.5048 0.5044 0.5039 0.5035 
0.5048 0.5044 0.5040 0.5036 
0.5049 0.5044 0.5040 0.5035 
0.5050 0.5046 0.5041 0.5037 
0.5051 0.5047 0.5042 0.5038 
0.5051 0.5047 0.5043 0.5038 
0.5051 0.5047 0.5042 0.5037 
0.5053 0.5048 0.5044 0.5039 
0.5054 0.5049 0.5045 0.5040 
0.5054 0.5050 0.5045 0.5041 
0.5030 0.5026 0.5023 0.5019 
0.5029 0.5026 0.5023 0.5019 
0.5029 0.5026 0.5023 0.5019 
0.5029 0.5026 0.5023 0.5020 
0.5033 0.5030 0.5026 0.5022 
0.5033 0.5029 0.5026 0.5022 
0.5033 0.5029 0.5026 0.5023 
0.5032 0.5029 0.5026 0.5023 
0.5036 0.5033 0.5029 0.5025 
0.5036 0.5033 0.5029 0.5025 
0.5036 0.5033 0.5030 0.5026 
0.5036 0.5033 0.5030 0.5026 
0.5040 0.5036 0.5032 0.5028 
0.5040 0.5036 0.5033 0.5028 
0.5040 0.5037 0.5033 0.5029 
0.5040 0.5037 0.5033 0.5029 
0.5018 0.5016 0.5013 0.5011 
0.5017 0.5015 0.5013 0.5010 
0.5016 0.5014 0.5012 0.5010 
0.5016 0.5014 0.5012 0.5010 
0.5021 0.5018 0.5015 0.5012 
0.5020 0.5017 0.5015 0.5012 
0.5019 0.5017 0.5014 0.5012 
0.5018 0.5016 0.5014 0.5012 
0.5023 0.5021 0.5018 0.5014 
0.5023 0.5020 0.5017 0.5014 
0.5022 0.5020 0.5017 0.5014 
0.5022 0.5019 0.5017 0.5014 
0.5026 0.5023 0.5020 0.5017 
0.5026 0.5023 0.5020 0.5017 
0.5025 0.5023 0.5020 0.5017 
0.5025 0.5022 0.5020 0.5017 
0.5006 0.5006 0.5006 0.5006 
0.5005 0.5005 0.5005 0.5005 
0.5005 0.5005 0.5005 0.5005 
0.5004 0.5005 0.5005 0.5005 
0.5009 0.5009 0.5008 0.5007 
0.5008 0.5008 0.5007 0.5007 
0.5008 0.5007 0.5007 0.5006 
0.5007 0.5007 0.5007 0.5006 
0.5012 0.5011 0.5010 0.5008 
0.5011 0.5010 0.5009 0.5008 
0.5010 0.5010 0.5009 0.5007 
0.5010 0.5009 0.5008 0.5007 
0.5015 0.5013 0.5011 0.5009 
0.5014 0.5012 0.5011 0.5009 
0.5013 0.5012 0.5010 0.5009 
0.5013 0.5011 0.5010 0.5009 
0.4992 0.4994 0.4996 0.4999 
0.4991 0.4994 0.4996 0.4999 
0.4991 0.4994 0.4996 0.4999 
0.4991 0.4994 0.4996 0.4999 
0.4996 0.4997 0.4999 0.5001 
0.4995 0.4997 0.4999 0.5001 
0.4995 0.4997 0.4999 0.5001 
0.4995 0.4997 0.4999 0.5001 
0.5000 0.5001 0.5002 0.5003 
0.4999 0.5000 0.5001 0.5003 
0.4998 0.5000 0.5001 0.5003 
0.4998 0.5000 0.5001 0.5003 
0.5003 0.5004 0.5004 0.5004 
0.5002 0.5003 0.5004 0.5004 
0.5002 0.5002 0.5003 0.5004 
0.5001 0.5002 0.5003 0.5004 
0.4976 0.4980 0.4984 0.4989 
0.4976 0.4980 0.4985 0.4989 
0.4976 0.4980 0.4985 0.4990 
0.4976 0.4980 0.4985 0.4990 
0.4980 0.4983 0.4987 0.4991 
0.4980 0.4983 0.4987 0.4992 
0.4979 0.4983 0.4988 0.4992 
0.4979 0.4983 0.4988 0.4992 
0.4984 0.4987 0.4990 0.4994 
0.4983 0.4987 0.4990 0.4994 
0.4983 0.4987 0.4991 0.4995 
0.4983 0.4987 0.4991 0.4995 
0.4988 0.4990 0.4993 0.4996 
0.4987 0.4990 0.4993 0.4997 
0.4987 0.4990 0.4994 0.4997 
0.4987 0.4990 0.4994 0.4997 
0.4968 0.4972 0.4977 0.4982 
0.4968 0.4973 0.4978 0.4983 
0.4968 0.4973 0.4978 0.4984 
0.4968 0.4973 0.4978 0.4984 
0.4969 0.4973 0.4978 0.4983 
0.4969 0.4973 0.4978 0.4984 
0.4969 0.4974 0.4979 0.4985 
0.4969 0.4974 0.4979 0.4985 
0.4970 0.4975 0.4979 0.4985 
0.4970 0.4975 0.4980 0.4985 
0.4970 0.4975 0.4980 0.4986 
0.4970 0.4975 0.4981 0.4986 
0.4973 0.4977 0.4982 0.4986 
0.4973 0.4977 0.4982 0.4987 
0.4973 0.4977 0.4982 0.4988 
0.4973 0.4978 0.4983 0.4988 
0.5040 0.5035 0.5030 0.5024 
0.5044 0.5039 0.5034 0.5029 
0.5048 0.5043 0.5038 0.5033 
0.5051 0.5046 0.5041 0.5036 
0.5040 0.5035 0.5030 0.5025 
0.5045 0.5040 0.5035 0.5029 
0.5049 0.5044 0.5039 0.5034 
0.5052 0.5047 0.5042 0.5037 
0.5041 0.5036 0.5030 0.5025 
0.5045 0.5040 0.5035 0.5030 
0.5049 0.5045 0.5039 0.5034 
0.5053 0.5048 0.5043 0.5038 
0.5041 0.5036 0.5030 0.5025 
0.5046 0.5041 0.5035 0.5030 
0.5050 0.5045 0.5040 0.5034 
0.5053 0.5048 0.5043 0.5038 
0.5037 0.5032 0.5027 0.5021 
0.5039 0.5034 0.5029 0.5024 
0.5041 0.5036 0.5032 0.5027 
0.5042 0.5038 0.5033 0.5029 
0.5038 0.5033 0.5028 0.5022 
0.5040 0.5036 0.5031 0.5026 
0.5043 0.5038 0.5034 0.5029 
0.5045 0.5040 0.5036 0.5031 
0.5039 0.5034 0.5029 0.5023 
0.5042 0.5037 0.5032 0.5027 
0.5045 0.5040 0.5035 0.5030 
0.5047 0.5042 0.5038 0.5033 
0.5039 0.5034 0.5029 0.5024 
0.5043 0.5038 0.5033 0.5028 
0.5046 0.5042 0.5037 0.5032 
0.5049 0.5044 0.5040 0.5035 
0.5031 0.5026 0.5021 0.5016 
0.5031 0.5027 0.5022 0.5017 
0.5031 0.5027 0.5023 0.5018 
0.5030 0.5027 0.5023 0.5019 
0.5032 0.5028 0.5023 0.5018 
0.5033 0.5029 0.5024 0.5019 
0.5033 0.5029 0.5025 0.5020 
0.5033 0.5029 0.5025 0.5021 
0.5034 0.5029 0.5024 0.5019 
0.5035 0.5031 0.5026 0.5021 
0.5036 0.5032 0.5027 0.5023 
0.5036 0.5032 0.5028 0.5024 
0.5035 0.5031 0.5025 0.5020 
0.5037 0.5032 0.5028 0.5023 
0.5038 0.5034 0.5029 0.5025 
0.5039 0.5035 0.5031 0.5026 
0.5023 0.5019 0.5015 0.5011 
0.5022 0.5018 0.5015 0.5011 
0.5020 0.5017 0.5014 0.5011 
0.5019 0.5016 0.5014 0.5011 
0.5025 0.5021 0.5017 0.5013 
0.5024 0.5021 0.5017 0.5013 
0.5023 0.5020 0.5016 0.5013 
0.5022 0.5019 0.5016 0.5013 
0.5027 0.5023 0.5018 0.5014 
0.5026 0.5023 0.5018 0.5014 
0.5025 0.5022 0.5018 0.5014 
0.5024 0.5021 0.5018 0.5014 
0.5029 0.5025 0.5020 0.5015 
0.5029 0.5025 0.5020 0.5016 
0.5028 0.5024 0.5020 0.5016 
0.5027 0.5024 0.5020 0.5017 
0.5012 0.5010 0.5008 0.5006 
0.5010 0.5009 0.5008 0.5006 
0.5009 0.5008 0.5007 0.5006 
0.5007 0.5007 0.5006 0.5006 
0.5015 0.5013 0.5010 0.5008 
0.5013 0.5012 0.5010 0.5008 
0.5012 0.5011 0.5009 0.5007 
0.5011 0.5010 0.5008 0.5007 
0.5018 0.5015 0.5012 0.5009 
0.5016 0.5014 0.5012 0.5009 
0.5015 0.5013 0.5011 0.5009 
0.5013 0.5012 0.5010 0.5008 
0.5020 0.5017 0.5014 0.5010 
0.5019 0.5016 0.5013 0.5010 
0.5018 0.5015 0.5013 0.5010 
0.5016 0.5014 0.5012 0.5010 
0.4995 0.4995 0.4996 0.4997 
0.4994 0.4995 0.4996 0.4998 
0.4993 0.4995 0.4996 0.4998 
0.4993 0.4994 0.4996 0.4999 
0.5000 0.5000 0.5000 0.5000 
0.4999 0.4999 0.5000 0.5000 
0.4998 0.4998 0.4999 0.5001 
0.4997 0.4998 0.4999 0.5001 
0.5004 0.5003 0.5003 0.5002 
0.5003 0.5003 0.5003 0.5003 
0.5002 0.5002 0.5002 0.5003 
0.5001 0.5001 0.5002 0.5003 
0.5008 0.5007 0.5006 0.5005 
0.5007 0.5006 0.5005 0.5005 
0.5005 0.5005 0.5005 0.5005 
0.5004 0.5004 0.5004 0.5004 
0.4977 0.4979 0.4982 0.4985 
0.4977 0.4979 0.4982 0.4986 
0.4976 0.4980 0.4983 0.4987 
0.4976 0.4980 0.4984 0.4988 
0.4981 0.4983 0.4985 0.4988 
0.4981 0.4983 0.4986 0.4989 
0.4980 0.4983 0.4986 0.4990 
0.4980 0.4983 0.4987 0.4991 
0.4986 0.4987 0.4989 0.4991 
0.4985 0.4987 0.4989 0.4992 
0.4985 0.4987 0.4990 0.4993 
0.4984 0.4987 0.4990 0.4993 
0.4990 0.4991 0.4993 0.4994 
0.4990 0.4991 0.4993 0.4995 
0.4989 0.4991 0.4993 0.4995 
0.4988 0.4991 0.4993 0.4996 
0.4968 0.4970 0.4973 0.4977 
0.4968 0.4971 0.4975 0.4979 
0.4968 0.4971 0.4976 0.4980 
0.4968 0.4972 0.4976 0.4981 
0.4969 0.4971 0.4974 0.4978 
0.4969 0.4972 0.4975 0.4980 
0.4969 0.4972 0.4976 0.4981 
0.4969 0.4973 0.4977 0.4982 
0.4971 0.4973 0.4976 0.4980 
0.4971 0.4974 0.4977 0.4981 
0.4970 0.4974 0.4978 0.4982 
0.4970 0.4974 0.4979 0.4984 
0.4974 0.4976 0.4979 0.4982 
0.4973 0.4976 0.4979 0.4983 
0.4973 0.4976 0.4980 0.4984 
0.4973 0.4977 0.4981 0.4985 
0.5019 0.5013 0.5007 0.5001 
0.5025 0.5019 0.5013 0.5007 
0.5030 0.5025 0.5019 0.5014 
0.5035 0.5030 0.5025 0.5019 
0.5018 0.5012 0.5006 0.5000 
0.5024 0.5019 0.5013 0.5007 
0.5030 0.5025 0.5019 0.5013 
0.5036 0.5030 0.5025 0.5019 
0.5017 0.5012 0.5006 0.5000 
0.5024 0.5018 0.5013 0.5007 
0.5030 0.5025 0.5019 0.5013 
0.5036 0.5030 0.5025 0.5019 
0.5017 0.5011 0.5006 0.5000 
0.5024 0.5018 0.5012 0.5007 
0.5030 0.5024 0.5019 0.5013 
0.5036 0.5030 0.5025 0.5019 
0.5023 0.5017 0.5010 0.5004 
0.5027 0.5021 0.5015 0.5009 
0.5031 0.5025 0.5020 0.5014 
0.5034 0.5029 0.5023 0.5018 
0.5022 0.5016 0.5010 0.5003 
0.5027 0.5021 0.5015 0.5009 
0.5031 0.5025 0.5020 0.5014 
0.5035 0.5029 0.5024 0.5018 
0.5021 0.5015 0.5009 0.5002 
0.5026 0.5020 0.5014 0.5008 
0.5031 0.5025 0.5020 0.5014 
0.5035 0.5030 0.5024 0.5019 
0.5020 0.5014 0.5008 0.5002 
0.5025 0.5020 0.5014 0.5008 
0.5031 0.5025 0.5019 0.5014 
0.5035 0.5030 0.5025 0.5019 
0.5025 0.5019 0.5013 0.5007 
0.5028 0.5022 0.5016 0.5010 
0.5029 0.5024 0.5018 0.5013 
0.5030 0.5025 0.5020 0.5015 
0.5025 0.5019 0.5013 0.5006 
0.5028 0.5022 0.5016 0.5010 
0.5030 0.5025 0.5019 0.5013 
0.5031 0.5026 0.5021 0.5015 
0.5024 0.5018 0.5012 0.5006 
0.5028 0.5022 0.5016 0.5010 
0.5030 0.5025 0.5019 0.5013 
0.5032 0.5027 0.5022 0.5016 
0.5024 0.5018 0.5011 0.5005 
0.5027 0.5022 0.5016 0.5009 
0.5031 0.5025 0.5019 0.5014 
0.5033 0.5028 0.5023 0.5017 
0.5024 0.5019 0.5013 0.5008 
0.5024 0.5020 0.5014 0.5009 
0.5024 0.5020 0.5015 0.5010 
0.5024 0.5020 0.5015 0.5011 
0.5025 0.5019 0.5014 0.5008 
0.5026 0.5021 0.5015 0.5010 
0.5026 0.5021 0.5016 0.5011 
0.5026 0.5021 0.5017 0.5012 
0.5025 0.5020 0.5014 0.5008 
0.5027 0.5021 0.5016 0.5010 
0.5027 0.5022 0.5017 0.5012 
0.5027 0.5023 0.5018 0.5013 
0.5026 0.5020 0.5014 0.5007 
0.5027 0.5022 0.5016 0.5010 
0.5028 0.5023 0.5018 0.5012 
0.5029 0.5024 0.5019 0.5014 
0.5015 0.5011 0.5008 0.5005 
0.5014 0.5011 0.5008 0.5006 
0.5014 0.5011 0.5009 0.5006 
0.5013 0.5011 0.5008 0.5006 
0.5018 0.5014 0.5010 0.5006 
0.5018 0.5014 0.5011 0.5007 
0.5017 0.5014 0.5011 0.5008 
0.5016 0.5013 0.5011 0.5008 
0.5020 0.5016 0.5011 0.5007 
0.5020 0.5016 0.5012 0.5008 
0.5020 0.5016 0.5013 0.5009 
0.5019 0.5016 0.5012 0.5009 
0.5022 0.5017 0.5013 0.5008 
0.5023 0.5018 0.5014 0.5009 
0.5022 0.5018 0.5014 0.5010 
0.5022 0.5018 0.5014 0.5010 
0.4997 0.4995 0.4994 0.4994 
0.4997 0.4996 0.4995 0.4995 
0.4997 0.4996 0.4996 0.4996 
0.4996 0.4996 0.4996 0.4997 
0.5002 0.5000 0.4998 0.4997 
0.5002 0.5000 0.4999 0.4998 
0.5001 0.5000 0.4999 0.4999 
0.5001 0.5000 0.5000 0.5000 
0.5007 0.5004 0.5002 0.5000 
0.5007 0.5004 0.5003 0.5001 
0.5006 0.5004 0.5003 0.5002 
0.5005 0.5004 0.5003 0.5002 
0.5011 0.5008 0.5005 0.5003 
0.5011 0.5008 0.5006 0.5004 
0.5010 0.5008 0.5006 0.5004 
0.5009 0.5007 0.5006 0.5004 
0.4977 0.4977 0.4977 0.4978 
0.4978 0.4978 0.4978 0.4980 
0.4978 0.4978 0.4980 0.4982 
0.4977 0.4979 0.4981 0.4983 
0.4982 0.4981 0.4981 0.4982 
0.4982 0.4982 0.4982 0.4983 
0.4982 0.4982 0.4983 0.4985 
0.4982 0.4983 0.4984 0.4986 
0.4987 0.4986 0.4985 0.4986 
0.4987 0.4986 0.4987 0.4987 
0.4987 0.4987 0.4987 0.4989 
0.4986 0.4987 0.4988 0.4990 
0.4992 0.4991 0.4990 0.4990 
0.4992 0.4991 0.4991 0.4991 
0.4992 0.4991 0.4992 0.4992 
0.4991 0.4991 0.4992 0.4993 
0.4967 0.4967 0.4968 0.4969 
0.4968 0.4968 0.4969 0.4971 
0.4968 0.4969 0.4971 0.4973 
0.4968 0.4970 0.4972 0.4975 
0.4968 0.4968 0.4969 0.4970 
0.4969 0.4969 0.4970 0.4972 
0.4969 0.4970 0.4972 0.4974 
0.4969 0.4971 0.4973 0.4976 
0.4970 0.4970 0.4971 0.4972 
0.4971 0.4971 0.4972 0.4974 
0.4971 0.4972 0.4974 0.4976 
0.4971 0.4973 0.4975 0.4978 
0.4974 0.4973 0.4974 0.4975 
0.4974 0.4974 0.4975 0.4977 
0.4974 0.4975 0.4976 0.4979 
0.4974 0.4975 0.4977 0.4980 
0.4991 0.4985 0.4979 0.4973 
0.4998 0.4992 0.4986 0.4980 
0.5005 0.4999 0.4993 0.4987 
0.5012 0.5006 0.5000 0.4994 
0.4990 0.4984 0.4978 0.4972 
0.4997 0.4991 0.4985 0.4979 
0.5004 0.4998 0.4992 0.4986 
0.5011 0.5005 0.4999 0.4993 
0.4989 0.4983 0.4977 0.4971 
0.4996 0.4990 0.4984 0.4978 
0.5003 0.4997 0.4992 0.4986 
0.5010 0.5005 0.4999 0.4993 
0.4988 0.4982 0.4977 0.4971 
0.4996 0.4990 0.4984 0.4978 
0.5003 0.4997 0.4991 0.4985 
0.5010 0.5004 0.4998 0.4993 
0.5000 0.4994 0.4987 0.4981 
0.5006 0.5000 0.4993 0.4987 
0.5012 0.5006 0.4999 0.4993 
0.5018 0.5012 0.5005 0.4999 
0.4997 0.4991 0.4985 0.4979 
0.5004 0.4998 0.4991 0.4985 
0.5010 0.5004 0.4998 0.4991 
0.5016 0.5010 0.5004 0.4997 
0.4995 0.4989 0.4983 0.4977 
0.5002 0.4996 0.4989 0.4983 
0.5009 0.5002 0.4996 0.4990 
0.5015 0.5009 0.5003 0.4996 
0.4993 0.4987 0.4981 0.4975 
0.5000 0.4994 0.4988 0.4982 
0.5007 0.5001 0.4995 0.4988 
0.5013 0.5007 0.5001 0.4995 
0.5010 0.5003 0.4997 0.4990 
0.5015 0.5008 0.5001 0.4995 
0.5019 0.5012 0.5006 0.4999 
0.5022 0.5016 0.5010 0.5003 
0.5007 0.5001 0.4994 0.4988 
0.5013 0.5006 0.5000 0.4993 
0.5017 0.5011 0.5004 0.4998 
0.5022 0.5015 0.5009 0.5002 
0.5005 0.4999 0.4992 0.4985 
0.5011 0.5004 0.4998 0.4991 
0.5016 0.5009 0.5003 0.4996 
0.5020 0.5014 0.5008 0.5001 
0.5002 0.4996 0.4990 0.4983 
0.5009 0.5002 0.4995 0.4989 
0.5014 0.5008 0.5001 0.4994 
0.5019 0.5013 0.5006 0.5000 
0.5015 0.5009 0.5003 0.4998 
0.5018 0.5012 0.5007 0.5001 
0.5021 0.5015 0.5009 0.5004 
0.5023 0.5017 0.5012 0.5006 
0.5014 0.5008 0.5002 0.4996 
0.5018 0.5012 0.5006 0.5000 
0.5021 0.5015 0.5009 0.5003 
0.5023 0.5017 0.5012 0.5006 
0.5013 0.5007 0.5001 0.4994 
0.5017 0.5011 0.5005 0.4998 
0.5021 0.5014 0.5008 0.5002 
0.5023 0.5017 0.5011 0.5005 
0.5012 0.5005 0.4999 0.4992 
0.5016 0.5010 0.5003 0.4997 
0.5020 0.5014 0.5007 0.5001 
0.5023 0.5017 0.5011 0.5004 
0.5010 0.5005 0.5002 0.4998 
0.5012 0.5008 0.5004 0.5000 
0.5013 0.5009 0.5006 0.5002 
0.5014 0.5010 0.5007 0.5004 
0.5012 0.5008 0.5003 0.4999 
0.5014 0.5010 0.5005 0.5001 
0.5016 0.5012 0.5007 0.5003 
0.5017 0.5013 0.5009 0.5005 
0.5014 0.5009 0.5004 0.4999 
0.5016 0.5011 0.5006 0.5002 
0.5018 0.5013 0.5009 0.5004 
0.5020 0.5015 0.5010 0.5006 
0.5015 0.5009 0.5004 0.4999 
0.5017 0.5012 0.5007 0.5002 
0.5020 0.5014 0.5009 0.5004 
0.5021 0.5016 0.5011 0.5006 
0.4993 0.4990 0.4988 0.4986 
0.4995 0.4992 0.4990 0.4988 
0.4996 0.4994 0.4992 0.4990 
0.4997 0.4995 0.4993 0.4992 
0.4998 0.4995 0.4992 0.4990 
0.5000 0.4997 0.4994 0.4992 
0.5001 0.4998 0.4996 0.4994 
0.5002 0.4999 0.4997 0.4996 
0.5003 0.4999 0.4996 0.4993 
0.5004 0.5001 0.4998 0.4996 
0.5006 0.5003 0.5000 0.4997 
0.5007 0.5004 0.5001 0.4999 
0.5006 0.5003 0.4999 0.4996 
0.5008 0.5005 0.5001 0.4998 
0.5010 0.5006 0.5003 0.5000 
0.5011 0.5007 0.5004 0.5002 
0.4972 0.4970 0.4968 0.4968 
0.4974 0.4972 0.4971 0.4971 
0.4976 0.4974 0.4973 0.4973 
0.4977 0.4976 0.4975 0.4976 
0.4977 0.4975 0.4973 0.4972 
0.4979 0.4977 0.4976 0.4975 
0.4981 0.4979 0.4978 0.4978 
0.4982 0.4980 0.4980 0.4980 
0.4982 0.4980 0.4978 0.4977 
0.4984 0.4982 0.4980 0.4980 
0.4986 0.4984 0.4982 0.4982 
0.4987 0.4985 0.4984 0.4984 
0.4988 0.4985 0.4983 0.4982 
0.4990 0.4987 0.4985 0.4984 
0.4991 0.4989 0.4987 0.4986 
0.4992 0.4990 0.4989 0.4988 
0.4961 0.4959 0.4958 0.4957 
0.4964 0.4962 0.4961 0.4961 
0.4965 0.4964 0.4963 0.4964 
0.4966 0.4966 0.4966 0.4967 
0.4962 0.4960 0.4959 0.4959 
0.4965 0.4963 0.4962 0.4962 
0.4966 0.4965 0.4964 0.4965 
0.4968 0.4967 0.4967 0.4968 
0.4965 0.4962 0.4961 0.4961 
0.4967 0.4965 0.4964 0.4964 
0.4969 0.4967 0.4967 0.4967 
0.4970 0.4969 0.4969 0.4970 
0.4968 0.4966 0.4964 0.4964 
0.4970 0.4968 0.4967 0.4967 
0.4972 0.4970 0.4970 0.4970 
0.4973 0.4972 0.4972 0.4972 
0.4961 0.4956 0.4952 0.4947 
0.4969 0.4964 0.4958 0.4953 
0.4976 0.4971 0.4965 0.4960 
0.4984 0.4978 0.4972 0.4966 
0.4959 0.4955 0.4950 0.4946 
0.4967 0.4962 0.4957 0.4952 
0.4975 0.4969 0.4964 0.4958 
0.4982 0.4976 0.4971 0.4965 
0.4958 0.4954 0.4949 0.4945 
0.4966 0.4961 0.4956 0.4951 
0.4973 0.4968 0.4963 0.4958 
0.4981 0.4975 0.4970 0.4964 
0.4958 0.4953 0.4949 0.4944 
0.4965 0.4960 0.4955 0.4951 
0.4973 0.4968 0.4962 0.4957 
0.4981 0.4975 0.4969 0.4964 
0.4972 0.4967 0.4962 0.4957 
0.4979 0.4974 0.4968 0.4962 
0.4986 0.4980 0.4974 0.4968 
0.4993 0.4987 0.4981 0.4975 
0.4969 0.4964 0.4959 0.4954 
0.4976 0.4971 0.4965 0.4960 
0.4983 0.4978 0.4972 0.4966 
0.4990 0.4984 0.4978 0.4972 
0.4966 0.4961 0.4956 0.4951 
0.4973 0.4968 0.4963 0.4957 
0.4981 0.4975 0.4969 0.4964 
0.4988 0.4982 0.4976 0.4970 
0.4963 0.4959 0.4954 0.4949 
0.4971 0.4966 0.4960 0.4955 
0.4978 0.4973 0.4967 0.4961 
0.4986 0.4980 0.4974 0.4968 
0.4986 0.4981 0.4976 0.4971 
0.4992 0.4987 0.4981 0.4975 
0.4998 0.4993 0.4986 0.4980 
0.5004 0.4998 0.4992 0.4985 
0.4983 0.4978 0.4972 0.4967 
0.4989 0.4984 0.4978 0.4972 
0.4995 0.4990 0.4983 0.4977 
0.5002 0.4995 0.4989 0.4982 
0.4979 0.4974 0.4969 0.4963 
0.4986 0.4980 0.4974 0.4969 
0.4992 0.4986 0.4980 0.4974 
0.4999 0.4993 0.4986 0.4980 
0.4975 0.4970 0.4965 0.4960 
0.4982 0.4977 0.4971 0.4965 
0.4989 0.4983 0.4977 0.4971 
0.4996 0.4990 0.4983 0.4977 
0.4997 0.4993 0.4988 0.4984 
0.5002 0.4997 0.4992 0.4987 
0.5007 0.5001 0.4996 0.4991 
0.5011 0.5005 0.5000 0.4994 
0.4995 0.4991 0.4986 0.4981 
0.5000 0.4995 0.4990 0.4985 
0.5005 0.5000 0.4994 0.4989 
0.5010 0.5004 0.4998 0.4993 
0.4993 0.4988 0.4983 0.4978 
0.4998 0.4993 0.4987 0.4982 
0.5003 0.4998 0.4992 0.4986 
0.5008 0.5003 0.4996 0.4990 
0.4990 0.4985 0.4979 0.4974 
0.4995 0.4990 0.4984 0.4979 
0.5001 0.4995 0.4989 0.4983 
0.5007 0.5000 0.4994 0.4988 
0.4996 0.4993 0.4990 0.4987 
0.5000 0.4996 0.4993 0.4990 
0.5004 0.5000 0.4996 0.4993 
0.5007 0.5003 0.4999 0.4995 
0.4998 0.4994 0.4991 0.4987 
0.5002 0.4998 0.4994 0.4990 
0.5006 0.5001 0.4997 0.4993 
0.5009 0.5005 0.5000 0.4996 
0.4999 0.4995 0.4991 0.4987 
0.5003 0.4999 0.4994 0.4990 
0.5007 0.5002 0.4998 0.4993 
0.5011 0.5006 0.5001 0.4996 
0.4998 0.4994 0.4990 0.4986 
0.5003 0.4998 0.4994 0.4989 
0.5007 0.5002 0.4997 0.4992 
0.5011 0.5006 0.5001 0.4996 
0.4980 0.4977 0.4975 0.4974 
0.4984 0.4981 0.4979 0.4977 
0.4987 0.4985 0.4982 0.4980 
0.4991 0.4988 0.4985 0.4983 
0.4985 0.4982 0.4980 0.4978 
0.4989 0.4986 0.4984 0.4982 
0.4993 0.4989 0.4987 0.4985 
0.4996 0.4992 0.4990 0.4987 
0.4990 0.4987 0.4984 0.4982 
0.4994 0.4990 0.4988 0.4985 
0.4997 0.4994 0.4991 0.4988 
0.5000 0.4997 0.4994 0.4991 
0.4993 0.4990 0.4987 0.4985 
0.4997 0.4994 0.4991 0.4988 
0.5001 0.4997 0.4994 0.4991 
0.5004 0.5000 0.4997 0.4994 
0.4957 0.4955 0.4953 0.4953 
0.4962 0.4959 0.4958 0.4957 
0.4966 0.4963 0.4962 0.4961 
0.4969 0.4967 0.4965 0.4964 
0.4963 0.4960 0.4959 0.4958 
0.4967 0.4965 0.4963 0.4962 
0.4971 0.4968 0.4967 0.4966 
0.4974 0.4972 0.4970 0.4969 
0.4968 0.4966 0.4964 0.4963 
0.4973 0.4970 0.4968 0.4967 
0.4976 0.4974 0.4972 0.4971 
0.4980 0.4977 0.4975 0.4974 
0.4974 0.4972 0.4970 0.4969 
0.4978 0.4976 0.4974 0.4972 
0.4982 0.4979 0.4977 0.4976 
0.4985 0.4982 0.4980 0.4979 
0.4945 0.4942 0.4941 0.4940 
0.4950 0.4947 0.4946 0.4945 
0.4954 0.4952 0.4950 0.4950 
0.4958 0.4956 0.4954 0.4954 
0.4946 0.4944 0.4942 0.4942 
0.4951 0.4949 0.4947 0.4946 
0.4956 0.4953 0.4951 0.4951 
0.4959 0.4957 0.4955 0.4955 
0.4949 0.4946 0.4945 0.4944 
0.4954 0.4951 0.4949 0.4949 
0.4958 0.4955 0.4954 0.4953 
0.4962 0.4959 0.4958 0.4957 
0.4952 0.4950 0.4949 0.4948 
0.4957 0.4955 0.4953 0.4952 
0.4962 0.4959 0.4957 0.4957 
0.4965 0.4963 0.4961 0.4960 
0.4931 0.4929 0.4927 0.4925 
0.4938 0.4936 0.4933 0.4930 
0.4946 0.4943 0.4939 0.4936 
0.4953 0.4949 0.4945 0.4941 
0.4929 0.4927 0.4925 0.4923 
0.4936 0.4934 0.4931 0.4929 
0.4944 0.4941 0.4938 0.4934 
0.4952 0.4948 0.4944 0.4940 
0.4928 0.4926 0.4924 0.4922 
0.4935 0.4933 0.4930 0.4928 
0.4943 0.4940 0.4936 0.4933 
0.4951 0.4947 0.4943 0.4939 
0.4927 0.4925 0.4924 0.4922 
0.4935 0.4932 0.4930 0.4927 
0.4942 0.4939 0.4936 0.4933 
0.4950 0.4946 0.4942 0.4939 
0.4944 0.4942 0.4939 0.4937 
0.4951 0.4948 0.4945 0.4941 
0.4958 0.4954 0.4950 0.4946 
0.4965 0.4960 0.4956 0.4951 
0.4940 0.4938 0.4935 0.4933 
0.4947 0.4944 0.4941 0.4938 
0.4954 0.4950 0.4947 0.4943 
0.4961 0.4957 0.4953 0.4948 
0.4936 0.4934 0.4932 0.4930 
0.4943 0.4941 0.4938 0.4935 
0.4951 0.4947 0.4944 0.4940 
0.4958 0.4954 0.4950 0.4946 
0.4933 0.4931 0.4929 0.4927 
0.4941 0.4938 0.4935 0.4932 
0.4948 0.4945 0.4941 0.4938 
0.4956 0.4952 0.4947 0.4943 
0.4963 0.4960 0.4957 0.4955 
0.4968 0.4965 0.4962 0.4958 
0.4974 0.4970 0.4966 0.4962 
0.4980 0.4976 0.4971 0.4966 
0.4958 0.4955 0.4953 0.4950 
0.4964 0.4960 0.4957 0.4954 
0.4970 0.4966 0.4962 0.4958 
0.4976 0.4972 0.4967 0.4962 
0.4953 0.4951 0.4948 0.4945 
0.4959 0.4956 0.4953 0.4949 
0.4966 0.4962 0.4958 0.4954 
0.4972 0.4968 0.4963 0.4958 
0.4948 0.4946 0.4943 0.4941 
0.4955 0.4952 0.4948 0.4945 
0.4962 0.4958 0.4954 0.4950 
0.4968 0.4964 0.4959 0.4955 
0.4979 0.4976 0.4974 0.4971 
0.4983 0.4980 0.4977 0.4974 
0.4988 0.4984 0.4980 0.4977 
0.4992 0.4988 0.4984 0.4980 
0.4976 0.4973 0.4971 0.4968 
0.4980 0.4977 0.4974 0.4971 
0.4985 0.4981 0.4978 0.4974 
0.4990 0.4986 0.4982 0.4977 
0.4972 0.4969 0.4967 0.4964 
0.4977 0.4973 0.4970 0.4967 
0.4982 0.4978 0.4974 0.4970 
0.4987 0.4983 0.4978 0.4974 
0.4967 0.4965 0.4962 0.4959 
0.4973 0.4969 0.4966 0.4963 
0.4978 0.4974 0.4970 0.4966 
0.4984 0.4979 0.4975 0.4970 
0.4980 0.4979 0.4977 0.4975 
0.4984 0.4982 0.4980 0.4978 
0.4988 0.4985 0.4983 0.4981 
0.4992 0.4989 0.4986 0.4984 
0.4982 0.4980 0.4978 0.4976 
0.4986 0.4983 0.4981 0.4979 
0.4990 0.4987 0.4984 0.4981 
0.4994 0.4990 0.4987 0.4984 
0.4982 0.4980 0.4978 0.4976 
0.4986 0.4983 0.4981 0.4978 
0.4990 0.4987 0.4984 0.4981 
0.4994 0.4991 0.4987 0.4984 
0.4981 0.4979 0.4976 0.4974 
0.4985 0.4982 0.4979 0.4977 
0.4989 0.4986 0.4983 0.4979 
0.4994 0.4990 0.4986 0.4982 
0.4962 0.4961 0.4960 0.4960 
0.4967 0.4965 0.4964 0.4963 
0.4971 0.4969 0.4968 0.4967 
0.4976 0.4973 0.4972 0.4970 
0.4968 0.4967 0.4966 0.4965 
0.4973 0.4971 0.4969 0.4968 
0.4977 0.4975 0.4973 0.4972 
0.4981 0.4979 0.4977 0.4975 
0.4974 0.4972 0.4971 0.4970 
0.4977 0.4976 0.4974 0.4973 
0.4982 0.4979 0.4977 0.4976 
0.4986 0.4983 0.4981 0.4979 
0.4978 0.4976 0.4974 0.4973 
0.4981 0.4979 0.4977 0.4976 
0.4985 0.4983 0.4981 0.4979 
0.4989 0.4987 0.4984 0.4982 
0.4936 0.4935 0.4935 0.4935 
0.4941 0.4940 0.4939 0.4939 
0.4947 0.4945 0.4944 0.4944 
0.4952 0.4950 0.4949 0.4948 
0.4942 0.4941 0.4941 0.4941 
0.4947 0.4946 0.4945 0.4945 
0.4953 0.4951 0.4950 0.4949 
0.4958 0.4956 0.4954 0.4954 
0.4949 0.4948 0.4947 0.4947 
0.4954 0.4952 0.4952 0.4951 
0.4959 0.4957 0.4956 0.4955 
0.4964 0.4962 0.4960 0.4959 
0.4956 0.4955 0.4954 0.4954 
0.4960 0.4959 0.4958 0.4957 
0.4965 0.4963 0.4962 0.4961 
0.4970 0.4968 0.4966 0.4965 
0.4921 0.4920 0.4920 0.4921 
0.4927 0.4926 0.4925 0.4925 
0.4933 0.4931 0.4930 0.4931 
0.4939 0.4937 0.4936 0.4936 
0.4923 0.4922 0.4922 0.4922 
0.4929 0.4927 0.4927 0.4927 
0.4935 0.4933 0.4932 0.4932 
0.4941 0.4938 0.4937 0.4937 
0.4926 0.4925 0.4925 0.4925 
0.4932 0.4930 0.4930 0.4930 
0.4938 0.4936 0.4935 0.4935 
0.4943 0.4941 0.4940 0.4940 
0.4930 0.4929 0.4929 0.4930 
0.4936 0.4935 0.4934 0.4934 
0.4942 0.4940 0.4939 0.4939 
0.4947 0.4945 0.4944 0.4943 
0.4904 0.4905 0.4906 0.4907 
0.4910 0.4910 0.4911 0.4911 
0.4916 0.4916 0.4916 0.4915 
0.4923 0.4922 0.4921 0.4920 
0.4901 0.4903 0.4904 0.4905 
0.4907 0.4908 0.4908 0.4909 
0.4914 0.4914 0.4914 0.4913 
0.4921 0.4920 0.4919 0.4918 
0.4900 0.4901 0.4902 0.4903 
0.4906 0.4907 0.4907 0.4907 
0.4913 0.4913 0.4912 0.4912 
0.4920 0.4919 0.4918 0.4917 
0.4899 0.4900 0.4901 0.4903 
0.4905 0.4906 0.4906 0.4907 
0.4912 0.4912 0.4912 0.4912 
0.4919 0.4919 0.4918 0.4917 
0.4920 0.4921 0.4922 0.4922 
0.4925 0.4926 0.4925 0.4925 
0.4931 0.4930 0.4930 0.4929 
0.4937 0.4936 0.4934 0.4933 
0.4915 0.4916 0.4917 0.4917 
0.4920 0.4921 0.4921 0.4921 
0.4926 0.4926 0.4925 0.4925 
0.4933 0.4932 0.4930 0.4929 
0.4911 0.4912 0.4913 0.4913 
0.4916 0.4917 0.4917 0.4917 
0.4922 0.4922 0.4922 0.4921 
0.4929 0.4928 0.4927 0.4925 
0.4907 0.4908 0.4909 0.4910 
0.4913 0.4913 0.4913 0.4914 
0.4919 0.4919 0.4918 0.4918 
0.4926 0.4925 0.4924 0.4922 
0.4945 0.4945 0.4945 0.4945 
0.4948 0.4948 0.4947 0.4947 
0.4953 0.4952 0.4950 0.4949 
0.4957 0.4956 0.4954 0.4952 
0.4938 0.4939 0.4939 0.4939 
0.4942 0.4942 0.4942 0.4941 
0.4947 0.4946 0.4945 0.4944 
0.4952 0.4950 0.4949 0.4947 
0.4932 0.4933 0.4933 0.4933 
0.4936 0.4936 0.4936 0.4935 
0.4941 0.4941 0.4940 0.4938 
0.4947 0.4945 0.4944 0.4942 
0.4926 0.4927 0.4927 0.4927 
0.4931 0.4931 0.4931 0.4930 
0.4936 0.4935 0.4934 0.4933 
0.4942 0.4940 0.4939 0.4937 
0.4966 0.4965 0.4965 0.4964 
0.4968 0.4968 0.4967 0.4966 
0.4971 0.4970 0.4969 0.4967 
0.4975 0.4973 0.4971 0.4969 
0.4962 0.4961 0.4961 0.4961 
0.4964 0.4964 0.4963 0.4962 
0.4968 0.4966 0.4965 0.4963 
0.4971 0.4970 0.4968 0.4966 
0.4956 0.4956 0.4956 0.4956 
0.4960 0.4959 0.4958 0.4957 
0.4963 0.4962 0.4961 0.4959 
0.4967 0.4965 0.4963 0.4961 
0.4951 0.4951 0.4951 0.4950 
0.4954 0.4954 0.4953 0.4952 
0.4958 0.4957 0.4956 0.4954 
0.4962 0.4961 0.4959 0.4957 
0.4969 0.4969 0.4968 0.4968 
0.4971 0.4971 0.4970 0.4969 
0.4974 0.4973 0.4972 0.4971 
0.4977 0.4975 0.4974 0.4973 
0.4970 0.4970 0.4970 0.4969 
0.4973 0.4972 0.4971 0.4970 
0.4975 0.4974 0.4973 0.4972 
0.4978 0.4977 0.4975 0.4974 
0.4970 0.4970 0.4969 0.4969 
0.4973 0.4972 0.4971 0.4970 
0.4975 0.4974 0.4973 0.4972 
0.4978 0.4977 0.4975 0.4973 
0.4969 0.4968 0.4968 0.4967 
0.4971 0.4970 0.4969 0.4968 
0.4974 0.4973 0.4971 0.4970 
0.4977 0.4975 0.4974 0.4972 
0.4949 0.4949 0.4949 0.4949 
0.4951 0.4951 0.4951 0.4951 
0.4955 0.4954 0.4954 0.4954 
0.4958 0.4958 0.4957 0.4957 
0.4956 0.4956 0.4956 0.4956 
0.4958 0.4958 0.4958 0.4957 
0.4961 0.4961 0.4960 0.4960 
0.4965 0.4964 0.4963 0.4962 
0.4961 0.4961 0.4961 0.4961 
0.4964 0.4963 0.4963 0.4963 
0.4967 0.4966 0.4965 0.4965 
0.4970 0.4969 0.4968 0.4967 
0.4966 0.4966 0.4965 0.4965 
0.4968 0.4968 0.4967 0.4967 
0.4971 0.4970 0.4969 0.4968 
0.4974 0.4973 0.4972 0.4971 
0.4918 0.4918 0.4919 0.4920 
0.4922 0.4922 0.4922 0.4923 
0.4926 0.4926 0.4926 0.4927 
0.4931 0.4930 0.4930 0.4931 
0.4925 0.4926 0.4926 0.4927 
0.4929 0.4929 0.4929 0.4930 
0.4933 0.4933 0.4933 0.4933 
0.4937 0.4937 0.4937 0.4937 
0.4933 0.4933 0.4934 0.4935 
0.4936 0.4936 0.4937 0.4937 
0.4940 0.4940 0.4940 0.4940 
0.4944 0.4944 0.4943 0.4944 
0.4941 0.4941 0.4942 0.4942 
0.4944 0.4944 0.4944 0.4944 
0.4948 0.4947 0.4947 0.4947 
0.4952 0.4951 0.4950 0.4950 
0.4901 0.4901 0.4903 0.4904 
0.4905 0.4905 0.4906 0.4908 
0.4910 0.4910 0.4910 0.4912 
0.4915 0.4915 0.4915 0.4916 
0.4903 0.4903 0.4904 0.4906 
0.4907 0.4907 0.4908 0.4909 
0.4912 0.4912 0.4912 0.4913 
0.4917 0.4916 0.4917 0.4918 
0.4906 0.4907 0.4908 0.4909 
0.4910 0.4911 0.4911 0.4913 
0.4915 0.4915 0.4915 0.4916 
0.4920 0.4920 0.4920 0.4921 
0.4911 0.4912 0.4913 0.4914 
0.4915 0.4916 0.4916 0.4917 
0.4920 0.4920 0.4920 0.4921 
0.4925 0.4924 0.4924 0.4925 
0.4890 0.4893 0.4896 0.4898 
0.4891 0.4894 0.4897 0.4899 
0.4894 0.4897 0.4899 0.4901 
0.4898 0.4900 0.4902 0.4904 
0.4887 0.4890 0.4893 0.4895 
0.4889 0.4892 0.4894 0.4896 
0.4892 0.4894 0.4896 0.4898 
0.4896 0.4898 0.4900 0.4901 
0.4885 0.4888 0.4891 0.4894 
0.4887 0.4890 0.4892 0.4895 
0.4890 0.4892 0.4895 0.4897 
0.4894 0.4896 0.4898 0.4900 
0.4885 0.4888 0.4890 0.4893 
0.4886 0.4889 0.4892 0.4894 
0.4889 0.4892 0.4894 0.4896 
0.4893 0.4895 0.4897 0.4899 
0.4909 0.4912 0.4914 0.4916 
0.4910 0.4913 0.4915 0.4916 
0.4913 0.4915 0.4916 0.4918 
0.4916 0.4917 0.4919 0.4920 
0.4903 0.4906 0.4908 0.4910 
0.4904 0.4907 0.4909 0.4911 
0.4907 0.4909 0.4911 0.4912 
0.4911 0.4912 0.4914 0.4915 
0.4898 0.4901 0.4903 0.4905 
0.4899 0.4902 0.4904 0.4906 
0.4902 0.4904 0.4906 0.4908 
0.4906 0.4908 0.4909 0.4910 
0.4894 0.4896 0.4899 0.4901 
0.4895 0.4898 0.4900 0.4902 
0.4898 0.4900 0.4902 0.4904 
0.4902 0.4904 0.4905 0.4907 
0.4937 0.4938 0.4940 0.4941 
0.4938 0.4939 0.4940 0.4941 
0.4939 0.4940 0.4941 0.4942 
0.4942 0.4942 0.4943 0.4943 
0.4930 0.4932 0.4933 0.4934 
0.4931 0.4932 0.4934 0.4935 
0.4932 0.4934 0.4935 0.4936 
0.4935 0.4936 0.4937 0.4937 
0.4922 0.4925 0.4926 0.4928 
0.4923 0.4925 0.4927 0.4928 
0.4925 0.4927 0.4928 0.4929 
0.4928 0.4929 0.4930 0.4931 
0.4916 0.4918 0.4920 0.4922 
0.4917 0.4919 0.4921 0.4922 
0.4919 0.4921 0.4922 0.4923 
0.4922 0.4923 0.4924 0.4925 
0.4961 0.4961 0.4962 0.4962 
0.4961 0.4962 0.4962 0.4962 
0.4962 0.4963 0.4963 0.4963 
0.4964 0.4964 0.4964 0.4963 
0.4956 0.4957 0.4958 0.4958 
0.4957 0.4957 0.4958 0.4958 
0.4958 0.4958 0.4959 0.4959 
0.4959 0.4960 0.4960 0.4959 
0.4950 0.4951 0.4952 0.4953 
0.4951 0.4952 0.4953 0.4953 
0.4952 0.4953 0.4953 0.4954 
0.4954 0.4954 0.4955 0.4955 
0.4944 0.4945 0.4946 0.4947 
0.4944 0.4946 0.4947 0.4947 
0.4946 0.4947 0.4948 0.4948 
0.4948 0.4949 0.4949 0.4949 
0.4965 0.4965 0.4965 0.4965 
0.4965 0.4965 0.4966 0.4966 
0.4966 0.4966 0.4966 0.4966 
0.4967 0.4967 0.4967 0.4967 
0.4966 0.4967 0.4967 0.4967 
0.4967 0.4967 0.4967 0.4967 
0.4968 0.4968 0.4968 0.4967 
0.4969 0.4969 0.4968 0.4968 
0.4966 0.4966 0.4967 0.4967 
0.4966 0.4967 0.4967 0.4967 
0.4967 0.4967 0.4968 0.4967 
0.4969 0.4969 0.4968 0.4968 
0.4964 0.4965 0.4965 0.4965 
0.4965 0.4965 0.4965 0.4965 
0.4965 0.4966 0.4966 0.4966 
0.4967 0.4967 0.4967 0.4966 
0.4943 0.4944 0.4944 0.4945 
0.4944 0.4944 0.4945 0.4945 
0.4945 0.4945 0.4946 0.4946 
0.4947 0.4947 0.4947 0.4947 
0.4951 0.4951 0.4951 0.4952 
0.4951 0.4951 0.4952 0.4952 
0.4952 0.4952 0.4953 0.4953 
0.4954 0.4954 0.4954 0.4954 
0.4957 0.4957 0.4957 0.4958 
0.4957 0.4958 0.4958 0.4958 
0.4958 0.4958 0.4959 0.4959 
0.4960 0.4960 0.4960 0.4960 
0.4962 0.4962 0.4962 0.4962 
0.4962 0.4962 0.4962 0.4963 
0.4963 0.4963 0.4963 0.4963 
0.4964 0.4964 0.4964 0.4964 
0.4910 0.4911 0.4913 0.4914 
0.4911 0.4912 0.4913 0.4915 
0.4913 0.4913 0.4915 0.4916 
0.4915 0.4916 0.4917 0.4918 
0.4918 0.4919 0.4920 0.4922 
0.4919 0.4920 0.4921 0.4922 
0.4920 0.4921 0.4922 0.4923 
0.4922 0.4923 0.4924 0.4925 
0.4927 0.4927 0.4928 0.4929 
0.4927 0.4928 0.4929 0.4930 
0.4929 0.4929 0.4930 0.4931 
0.4931 0.4931 0.4932 0.4933 
0.4935 0.4936 0.4936 0.4937 
0.4936 0.4936 0.4937 0.4938 
0.4937 0.4937 0.4938 0.4939 
0.4939 0.4939 0.4940 0.4940 
0.4892 0.4893 0.4895 0.4897 
0.4893 0.4894 0.4896 0.4898 
0.4895 0.4896 0.4897 0.4899 
0.4897 0.4898 0.4900 0.4901 
0.4894 0.4895 0.4897 0.4899 
0.4895 0.4896 0.4898 0.4900 
0.4897 0.4898 0.4899 0.4901 
0.4899 0.4900 0.4901 0.4903 
0.4898 0.4899 0.4901 0.4903 
0.4899 0.4900 0.4901 0.4903 
0.4900 0.4901 0.4903 0.4905 
0.4903 0.4904 0.4905 0.4907 
0.4903 0.4904 0.4906 0.4908 
0.4904 0.4905 0.4907 0.4908 
0.4906 0.4907 0.4908 0.4910 
0.4908 0.4909 0.4910 0.4912 
0.5068 0.5065 0.5062 0.5058 
0.5070 0.5067 0.5063 0.5059 
0.5071 0.5068 0.5065 0.5061 
0.5072 0.5069 0.5065 0.5061 
0.5071 0.5067 0.5063 0.5059 
0.5073 0.5069 0.5065 0.5061 
0.5074 0.5071 0.5067 0.5063 
0.5075 0.5071 0.5068 0.5063 
0.5072 0.5069 0.5065 0.5060 
0.5074 0.5071 0.5067 0.5063 
0.5076 0.5072 0.5068 0.5064 
0.5077 0.5073 0.5069 0.5065 
0.5073 0.5069 0.5065 0.5061 
0.5075 0.5072 0.5068 0.5063 
0.5077 0.5073 0.5069 0.5065 
0.5077 0.5074 0.5070 0.5066 
0.5055 0.5053 0.5050 0.5047 
0.5055 0.5053 0.5050 0.5047 
0.5056 0.5053 0.5051 0.5047 
0.5056 0.5053 0.5051 0.5048 
0.5059 0.5056 0.5053 0.5050 
0.5060 0.5057 0.5054 0.5051 
0.5060 0.5058 0.5055 0.5051 
0.5060 0.5058 0.5055 0.5052 
0.5062 0.5060 0.5056 0.5053 
0.5064 0.5061 0.5058 0.5054 
0.5064 0.5062 0.5058 0.5055 
0.5065 0.5062 0.5059 0.5055 
0.5066 0.5063 0.5059 0.5055 
0.5067 0.5064 0.5061 0.5057 
0.5068 0.5065 0.5062 0.5058 
0.5069 0.5066 0.5062 0.5058 
0.5039 0.5037 0.5035 0.5033 
0.5038 0.5036 0.5034 0.5032 
0.5037 0.5036 0.5034 0.5031 
0.5037 0.5035 0.5033 0.5031 
0.5043 0.5041 0.5039 0.5036 
0.5042 0.5040 0.5038 0.5036 
0.5042 0.5040 0.5038 0.5035 
0.5041 0.5040 0.5038 0.5035 
0.5047 0.5045 0.5042 0.5040 
0.5047 0.5045 0.5042 0.5040 
0.5046 0.5044 0.5042 0.5039 
0.5046 0.5044 0.5042 0.5039 
0.5051 0.5049 0.5046 0.5043 
0.5051 0.5049 0.5046 0.5043 
0.5051 0.5049 0.5046 0.5044 
0.5051 0.5049 0.5046 0.5044 
0.5023 0.5022 0.5021 0.5020 
0.5021 0.5021 0.5020 0.5018 
0.5020 0.5019 0.5019 0.5017 
0.5019 0.5019 0.5018 0.5017 
0.5027 0.5026 0.5025 0.5023 
0.5026 0.5025 0.5023 0.5022 
0.5024 0.5023 0.5022 0.5021 
0.5024 0.5023 0.5022 0.5020 
0.5031 0.5030 0.5028 0.5026 
0.5030 0.5028 0.5027 0.5025 
0.5028 0.5027 0.5026 0.5024 
0.5028 0.5027 0.5025 0.5024 
0.5035 0.5034 0.5032 0.5029 
0.5034 0.5032 0.5030 0.5028 
0.5033 0.5031 0.5030 0.5028 
0.5032 0.5031 0.5029 0.5027 
0.5006 0.5006 0.5006 0.5006 
0.5004 0.5004 0.5005 0.5005 
0.5003 0.5003 0.5004 0.5004 
0.5002 0.5003 0.5003 0.5004 
0.5011 0.5011 0.5010 0.5010 
0.5009 0.5009 0.5009 0.5009 
0.5007 0.5008 0.5008 0.5008 
0.5007 0.5007 0.5007 0.5007 
0.5015 0.5015 0.5014 0.5013 
0.5013 0.5013 0.5013 0.5012 
0.5012 0.5012 0.5011 0.5011 
0.5011 0.5011 0.5011 0.5011 
0.5019 0.5019 0.5018 0.5016 
0.5017 0.5017 0.5016 0.5015 
0.5016 0.5016 0.5015 0.5014 
0.5015 0.5015 0.5014 0.5014 
0.4985 0.4986 0.4988 0.4990 
0.4983 0.4985 0.4987 0.4989 
0.4982 0.4984 0.4986 0.4988 
0.4981 0.4983 0.4986 0.4988 
0.4990 0.4991 0.4993 0.4994 
0.4989 0.4990 0.4992 0.4993 
0.4987 0.4989 0.4991 0.4993 
0.4987 0.4988 0.4990 0.4992 
0.4996 0.4997 0.4998 0.4999 
0.4994 0.4995 0.4996 0.4997 
0.4993 0.4994 0.4995 0.4997 
0.4992 0.4993 0.4995 0.4996 
0.5001 0.5002 0.5002 0.5003 
0.4999 0.5000 0.5001 0.5001 
0.4998 0.4999 0.5000 0.5001 
0.4997 0.4998 0.4999 0.5000 
0.4965 0.4967 0.4970 0.4973 
0.4963 0.4966 0.4969 0.4972 
0.4963 0.4965 0.4968 0.4972 
0.4962 0.4965 0.4968 0.4972 
0.4969 0.4971 0.4974 0.4976 
0.4968 0.4970 0.4973 0.4976 
0.4967 0.4969 0.4972 0.4976 
0.4966 0.4969 0.4972 0.4975 
0.4974 0.4976 0.4978 0.4981 
0.4973 0.4975 0.4977 0.4980 
0.4972 0.4974 0.4977 0.4980 
0.4971 0.4974 0.4976 0.4980 
0.4979 0.4981 0.4983 0.4985 
0.4978 0.4980 0.4982 0.4985 
0.4977 0.4979 0.4981 0.4984 
0.4976 0.4978 0.4981 0.4984 
0.4955 0.4957 0.4960 0.4964 
0.4954 0.4956 0.4960 0.4963 
0.4953 0.4956 0.4959 0.4963 
0.4953 0.4956 0.4959 0.4963 
0.4956 0.4958 0.4961 0.4965 
0.4955 0.4957 0.4961 0.4964 
0.4954 0.4957 0.4960 0.4964 
0.4954 0.4957 0.4960 0.4964 
0.4958 0.4960 0.4963 0.4967 
0.4957 0.4959 0.4963 0.4966 
0.4956 0.4959 0.4962 0.4966 
0.4956 0.4959 0.4962 0.4966 
0.4961 0.4963 0.4966 0.4969 
0.4960 0.4962 0.4965 0.4969 
0.4959 0.4962 0.4965 0.4969 
0.4959 0.4961 0.4965 0.4969 
0.5056 0.5053 0.5049 0.5045 
0.5060 0.5057 0.5053 0.5049 
0.5063 0.5060 0.5056 0.5052 
0.5066 0.5063 0.5059 0.5055 
0.5057 0.5054 0.5050 0.5045 
0.5061 0.5058 0.5054 0.5050 
0.5065 0.5061 0.5058 0.5053 
0.5068 0.5065 0.5061 0.5057 
0.5057 0.5054 0.5050 0.5046 
0.5062 0.5058 0.5054 0.5050 
0.5066 0.5062 0.5058 0.5054 
0.5069 0.5066 0.5062 0.5058 
0.5058 0.5054 0.5050 0.5046 
0.5062 0.5059 0.5055 0.5050 
0.5066 0.5063 0.5059 0.5055 
0.5070 0.5066 0.5062 0.5058 
0.5052 0.5049 0.5045 0.5041 
0.5053 0.5050 0.5047 0.5043 
0.5054 0.5051 0.5048 0.5045 
0.5055 0.5052 0.5049 0.5046 
0.5053 0.5050 0.5046 0.5042 
0.5055 0.5052 0.5049 0.5045 
0.5057 0.5054 0.5051 0.5047 
0.5058 0.5055 0.5052 0.5048 
0.5054 0.5051 0.5047 0.5043 
0.5057 0.5054 0.5050 0.5046 
0.5059 0.5056 0.5053 0.5049 
0.5061 0.5058 0.5055 0.5051 
0.5055 0.5052 0.5048 0.5044 
0.5059 0.5055 0.5052 0.5048 
0.5061 0.5058 0.5055 0.5051 
0.5064 0.5061 0.5057 0.5053 
0.5044 0.5042 0.5039 0.5035 
0.5043 0.5041 0.5038 0.5035 
0.5042 0.5040 0.5037 0.5034 
0.5040 0.5038 0.5036 0.5033 
0.5046 0.5044 0.5040 0.5037 
0.5046 0.5043 0.5040 0.5037 
0.5045 0.5043 0.5040 0.5037 
0.5044 0.5042 0.5039 0.5036 
0.5048 0.5046 0.5042 0.5038 
0.5048 0.5046 0.5043 0.5039 
0.5048 0.5046 0.5043 0.5039 
0.5048 0.5045 0.5043 0.5040 
0.5050 0.5047 0.5044 0.5040 
0.5051 0.5048 0.5045 0.5041 
0.5051 0.5048 0.5045 0.5042 
0.5051 0.5049 0.5046 0.5043 
0.5034 0.5032 0.5029 0.5026 
0.5031 0.5029 0.5027 0.5025 
0.5028 0.5027 0.5025 0.5023 
0.5026 0.5025 0.5023 0.5021 
0.5037 0.5035 0.5032 0.5029 
0.5035 0.5033 0.5030 0.5027 
0.5032 0.5030 0.5028 0.5026 
0.5030 0.5028 0.5026 0.5024 
0.5040 0.5037 0.5034 0.5031 
0.5038 0.5036 0.5033 0.5030 
0.5035 0.5034 0.5031 0.5029 
0.5033 0.5032 0.5030 0.5027 
0.5042 0.5040 0.5037 0.5033 
0.5041 0.5038 0.5036 0.5032 
0.5039 0.5037 0.5034 0.5031 
0.5037 0.5035 0.5033 0.5030 
0.5018 0.5016 0.5015 0.5013 
0.5014 0.5014 0.5013 0.5011 
0.5011 0.5011 0.5010 0.5010 
0.5008 0.5008 0.5008 0.5008 
0.5022 0.5021 0.5019 0.5017 
0.5019 0.5018 0.5017 0.5015 
0.5016 0.5015 0.5014 0.5013 
0.5013 0.5013 0.5012 0.5011 
0.5027 0.5025 0.5023 0.5020 
0.5024 0.5022 0.5021 0.5019 
0.5021 0.5019 0.5018 0.5017 
0.5018 0.5017 0.5016 0.5015 
0.5031 0.5029 0.5026 0.5024 
0.5028 0.5026 0.5024 0.5022 
0.5025 0.5023 0.5022 0.5020 
0.5022 0.5021 0.5020 0.5018 
0.4995 0.4995 0.4995 0.4995 
0.4992 0.4993 0.4993 0.4993 
0.4989 0.4990 0.4991 0.4992 
0.4987 0.4988 0.4989 0.4991 
0.5001 0.5001 0.5000 0.5000 
0.4998 0.4998 0.4998 0.4998 
0.4995 0.4996 0.4996 0.4997 
0.4993 0.4993 0.4994 0.4995 
0.5007 0.5006 0.5005 0.5005 
0.5004 0.5004 0.5003 0.5003 
0.5001 0.5001 0.5001 0.5001 
0.4998 0.4999 0.4999 0.5000 
0.5012 0.5011 0.5010 0.5009 
0.5009 0.5009 0.5008 0.5007 
0.5006 0.5006 0.5006 0.5006 
0.5003 0.5004 0.5004 0.5004 
0.4974 0.4974 0.4975 0.4976 
0.4971 0.4972 0.4973 0.4975 
0.4969 0.4970 0.4972 0.4974 
0.4966 0.4968 0.4970 0.4973 
0.4979 0.4979 0.4979 0.4980 
0.4976 0.4976 0.4977 0.4979 
0.4973 0.4974 0.4976 0.4978 
0.4971 0.4973 0.4975 0.4977 
0.4984 0.4984 0.4984 0.4985 
0.4981 0.4982 0.4982 0.4984 
0.4978 0.4979 0.4981 0.4983 
0.4976 0.4978 0.4979 0.4982 
0.4989 0.4989 0.4989 0.4990 
0.4987 0.4987 0.4988 0.4988 
0.4984 0.4985 0.4986 0.4987 
0.4981 0.4983 0.4984 0.4986 
0.4963 0.4964 0.4964 0.4966 
0.4961 0.4962 0.4963 0.4965 
0.4958 0.4960 0.4962 0.4965 
0.4956 0.4958 0.4961 0.4964 
0.4964 0.4965 0.4966 0.4967 
0.4962 0.4963 0.4964 0.4966 
0.4959 0.4961 0.4963 0.4966 
0.4958 0.4960 0.4962 0.4965 
0.4967 0.4967 0.4968 0.4969 
0.4964 0.4965 0.4966 0.4968 
0.4962 0.4963 0.4965 0.4967 
0.4960 0.4962 0.4964 0.4967 
0.4970 0.4970 0.4971 0.4972 
0.4967 0.4968 0.4969 0.4971 
0.4965 0.4966 0.4968 0.4970 
0.4963 0.4965 0.4967 0.4970 
0.5037 0.5034 0.5029 0.5024 
0.5043 0.5039 0.5035 0.5030 
0.5048 0.5044 0.5040 0.5035 
0.5052 0.5049 0.5045 0.5040 
0.5037 0.5033 0.5028 0.5023 
0.5042 0.5039 0.5034 0.5029 
0.5048 0.5044 0.5040 0.5035 
0.5053 0.5049 0.5045 0.5040 
0.5036 0.5032 0.5028 0.5023 
0.5042 0.5038 0.5034 0.5029 
0.5048 0.5044 0.5040 0.5035 
0.5053 0.5049 0.5045 0.5041 
0.5036 0.5032 0.5027 0.5022 
0.5042 0.5038 0.5034 0.5029 
0.5048 0.5044 0.5040 0.5035 
0.5053 0.5049 0.5045 0.5041 
0.5042 0.5038 0.5033 0.5028 
0.5045 0.5041 0.5037 0.5032 
0.5048 0.5044 0.5040 0.5036 
0.5050 0.5047 0.5043 0.5039 
0.5040 0.5037 0.5032 0.5027 
0.5044 0.5041 0.5037 0.5032 
0.5048 0.5044 0.5040 0.5036 
0.5051 0.5047 0.5044 0.5039 
0.5039 0.5036 0.5031 0.5026 
0.5044 0.5040 0.5036 0.5031 
0.5048 0.5044 0.5040 0.5036 
0.5051 0.5048 0.5044 0.5040 
0.5038 0.5035 0.5030 0.5025 
0.5043 0.5040 0.5035 0.5031 
0.5048 0.5044 0.5040 0.5036 
0.5052 0.5048 0.5045 0.5040 
0.5044 0.5040 0.5036 0.5031 
0.5045 0.5042 0.5038 0.5033 
0.5046 0.5042 0.5039 0.5034 
0.5045 0.5042 0.5039 0.5035 
0.5044 0.5040 0.5036 0.5031 
0.5046 0.5042 0.5038 0.5033 
0.5047 0.5043 0.5039 0.5035 
0.5047 0.5044 0.5040 0.5036 
0.5043 0.5040 0.5035 0.5030 
0.5046 0.5042 0.5038 0.5033 
0.5047 0.5044 0.5040 0.5035 
0.5048 0.5045 0.5041 0.5037 
0.5043 0.5039 0.5034 0.5029 
0.5045 0.5042 0.5038 0.5033 
0.5048 0.5044 0.5040 0.5036 
0.5049 0.5046 0.5042 0.5038 
0.5041 0.5037 0.5033 0.5029 
0.5040 0.5037 0.5033 0.5029 
0.5039 0.5036 0.5032 0.5029 
0.5037 0.5034 0.5031 0.5028 
0.5042 0.5039 0.5035 0.5030 
0.5042 0.5039 0.5035 0.5031 
0.5041 0.5038 0.5035 0.5030 
0.5039 0.5037 0.5033 0.5030 
0.5043 0.5040 0.5036 0.5031 
0.5044 0.5040 0.5036 0.5032 
0.5043 0.5040 0.5036 0.5032 
0.5042 0.5039 0.5036 0.5032 
0.5044 0.5040 0.5036 0.5031 
0.5045 0.5041 0.5037 0.5033 
0.5045 0.5041 0.5038 0.5033 
0.5044 0.5041 0.5037 0.5033 
0.5028 0.5025 0.5022 0.5018 
0.5026 0.5023 0.5021 0.5018 
0.5024 0.5021 0.5019 0.5016 
0.5021 0.5019 0.5017 0.5015 
0.5032 0.5029 0.5025 0.5022 
0.5030 0.5028 0.5025 0.5021 
0.5028 0.5026 0.5023 0.5020 
0.5025 0.5023 0.5021 0.5019 
0.5035 0.5032 0.5029 0.5025 
0.5034 0.5031 0.5028 0.5024 
0.5032 0.5030 0.5027 0.5023 
0.5030 0.5027 0.5025 0.5022 
0.5038 0.5035 0.5031 0.5027 
0.5037 0.5034 0.5031 0.5027 
0.5036 0.5033 0.5030 0.5026 
0.5033 0.5031 0.5028 0.5025 
0.5006 0.5004 0.5001 0.4999 
0.5004 0.5002 0.5000 0.4999 
0.5001 0.5000 0.4999 0.4997 
0.4998 0.4998 0.4997 0.4996 
0.5012 0.5010 0.5007 0.5004 
0.5010 0.5008 0.5006 0.5004 
0.5007 0.5006 0.5004 0.5003 
0.5004 0.5003 0.5002 0.5001 
0.5018 0.5015 0.5012 0.5009 
0.5016 0.5013 0.5011 0.5009 
0.5013 0.5011 0.5010 0.5008 
0.5010 0.5009 0.5008 0.5006 
0.5023 0.5020 0.5017 0.5014 
0.5021 0.5019 0.5016 0.5013 
0.5019 0.5017 0.5014 0.5012 
0.5016 0.5014 0.5013 0.5011 
0.4985 0.4982 0.4980 0.4979 
0.4982 0.4981 0.4979 0.4978 
0.4979 0.4979 0.4978 0.4977 
0.4977 0.4976 0.4976 0.4977 
0.4989 0.4987 0.4985 0.4983 
0.4987 0.4985 0.4984 0.4983 
0.4984 0.4983 0.4982 0.4982 
0.4981 0.4981 0.4981 0.4981 
0.4995 0.4993 0.4990 0.4988 
0.4992 0.4991 0.4989 0.4988 
0.4990 0.4989 0.4988 0.4987 
0.4987 0.4986 0.4986 0.4986 
0.5000 0.4998 0.4996 0.4994 
0.4998 0.4996 0.4995 0.4993 
0.4995 0.4994 0.4993 0.4992 
0.4992 0.4992 0.4991 0.4991 
0.4974 0.4972 0.4970 0.4968 
0.4972 0.4970 0.4969 0.4968 
0.4969 0.4968 0.4967 0.4967 
0.4966 0.4966 0.4966 0.4967 
0.4975 0.4973 0.4971 0.4969 
0.4973 0.4971 0.4970 0.4969 
0.4970 0.4969 0.4968 0.4968 
0.4967 0.4967 0.4967 0.4968 
0.4977 0.4975 0.4973 0.4972 
0.4975 0.4973 0.4972 0.4971 
0.4972 0.4971 0.4971 0.4970 
0.4969 0.4969 0.4969 0.4970 
0.4980 0.4978 0.4976 0.4975 
0.4978 0.4977 0.4975 0.4974 
0.4975 0.4974 0.4974 0.4974 
0.4973 0.4972 0.4972 0.4973 
0.5011 0.5007 0.5002 0.4997 
0.5018 0.5014 0.5009 0.5004 
0.5025 0.5021 0.5016 0.5011 
0.5032 0.5028 0.5023 0.5018 
0.5009 0.5005 0.5000 0.4995 
0.5017 0.5013 0.5008 0.5003 
0.5024 0.5020 0.5015 0.5010 
0.5031 0.5027 0.5022 0.5017 
0.5008 0.5004 0.4999 0.4994 
0.5016 0.5012 0.5007 0.5002 
0.5023 0.5019 0.5014 0.5009 
0.5030 0.5026 0.5021 0.5016 
0.5008 0.5004 0.4999 0.4994 
0.5015 0.5011 0.5006 0.5001 
0.5023 0.5018 0.5014 0.5008 
0.5029 0.5025 0.5021 0.5016 
0.5020 0.5016 0.5011 0.5006 
0.5027 0.5023 0.5018 0.5012 
0.5032 0.5028 0.5024 0.5018 
0.5037 0.5033 0.5029 0.5024 
0.5018 0.5013 0.5009 0.5003 
0.5024 0.5020 0.5015 0.5010 
0.5030 0.5026 0.5022 0.5016 
0.5036 0.5032 0.5027 0.5022 
0.5015 0.5011 0.5006 0.5001 
0.5022 0.5018 0.5013 0.5008 
0.5029 0.5024 0.5020 0.5014 
0.5034 0.5030 0.5026 0.5020 
0.5013 0.5009 0.5004 0.4999 
0.5020 0.5016 0.5011 0.5006 
0.5027 0.5023 0.5018 0.5013 
0.5033 0.5029 0.5024 0.5019 
0.5030 0.5026 0.5021 0.5016 
0.5035 0.5031 0.5026 0.5021 
0.5039 0.5035 0.5030 0.5025 
0.5042 0.5038 0.5034 0.5028 
0.5028 0.5024 0.5019 0.5013 
0.5033 0.5029 0.5024 0.5019 
0.5038 0.5034 0.5029 0.5023 
0.5041 0.5037 0.5033 0.5027 
0.5025 0.5021 0.5016 0.5011 
0.5031 0.5027 0.5022 0.5017 
0.5036 0.5032 0.5027 0.5022 
0.5040 0.5036 0.5032 0.5026 
0.5023 0.5019 0.5014 0.5008 
0.5029 0.5025 0.5020 0.5015 
0.5034 0.5030 0.5025 0.5020 
0.5039 0.5035 0.5030 0.5025 
0.5033 0.5030 0.5025 0.5020 
0.5037 0.5033 0.5028 0.5023 
0.5039 0.5035 0.5031 0.5026 
0.5040 0.5037 0.5032 0.5028 
0.5033 0.5030 0.5025 0.5020 
0.5037 0.5033 0.5029 0.5023 
0.5040 0.5036 0.5031 0.5026 
0.5042 0.5038 0.5033 0.5029 
0.5033 0.5029 0.5024 0.5019 
0.5037 0.5033 0.5028 0.5023 
0.5040 0.5036 0.5032 0.5026 
0.5042 0.5038 0.5034 0.5029 
0.5032 0.5028 0.5023 0.5017 
0.5036 0.5032 0.5027 0.5022 
0.5040 0.5036 0.5031 0.5026 
0.5042 0.5039 0.5034 0.5029 
0.5026 0.5022 0.5018 0.5014 
0.5028 0.5024 0.5020 0.5016 
0.5029 0.5025 0.5021 0.5017 
0.5029 0.5025 0.5022 0.5018 
0.5029 0.5025 0.5021 0.5017 
0.5031 0.5027 0.5023 0.5019 
0.5032 0.5029 0.5025 0.5021 
0.5033 0.5029 0.5025 0.5021 
0.5031 0.5027 0.5023 0.5019 
0.5034 0.5030 0.5026 0.5021 
0.5035 0.5032 0.5028 0.5023 
0.5036 0.5032 0.5028 0.5024 
0.5033 0.5029 0.5024 0.5020 
0.5036 0.5032 0.5027 0.5023 
0.5038 0.5034 0.5030 0.5025 
0.5038 0.5035 0.5031 0.5026 
0.5007 0.5004 0.5000 0.4996 
0.5008 0.5005 0.5001 0.4998 
0.5009 0.5005 0.5002 0.4999 
0.5008 0.5005 0.5002 0.4999 
0.5012 0.5009 0.5005 0.5002 
0.5014 0.5010 0.5007 0.5003 
0.5014 0.5011 0.5008 0.5004 
0.5013 0.5011 0.5008 0.5005 
0.5017 0.5014 0.5010 0.5006 
0.5019 0.5015 0.5012 0.5008 
0.5019 0.5016 0.5013 0.5009 
0.5019 0.5016 0.5013 0.5010 
0.5022 0.5018 0.5014 0.5010 
0.5024 0.5020 0.5016 0.5012 
0.5024 0.5021 0.5017 0.5014 
0.5024 0.5021 0.5018 0.5014 
0.4986 0.4983 0.4979 0.4975 
0.4987 0.4984 0.4980 0.4977 
0.4987 0.4984 0.4981 0.4978 
0.4986 0.4984 0.4981 0.4979 
0.4991 0.4987 0.4984 0.4980 
0.4992 0.4989 0.4985 0.4982 
0.4992 0.4989 0.4986 0.4983 
0.4991 0.4988 0.4986 0.4983 
0.4996 0.4993 0.4989 0.4985 
0.4997 0.4994 0.4990 0.4987 
0.4997 0.4994 0.4991 0.4988 
0.4996 0.4994 0.4991 0.4989 
0.5002 0.4998 0.4994 0.4991 
0.5003 0.4999 0.4996 0.4993 
0.5003 0.5000 0.4997 0.4994 
0.5002 0.4999 0.4997 0.4994 
0.4976 0.4972 0.4968 0.4964 
0.4977 0.4973 0.4970 0.4966 
0.4977 0.4974 0.4970 0.4968 
0.4976 0.4973 0.4970 0.4968 
0.4977 0.4973 0.4969 0.4965 
0.4978 0.4974 0.4971 0.4967 
0.4978 0.4975 0.4972 0.4969 
0.4977 0.4974 0.4972 0.4969 
0.4979 0.4975 0.4971 0.4968 
0.4980 0.4977 0.4973 0.4970 
0.4980 0.4977 0.4974 0.4971 
0.4979 0.4976 0.4974 0.4971 
0.4982 0.4979 0.4975 0.4971 
0.4983 0.4980 0.4976 0.4973 
0.4983 0.4980 0.4977 0.4974 
0.4982 0.4980 0.4977 0.4975 
0.4976 0.4973 0.4969 0.4965 
0.4985 0.4982 0.4978 0.4973 
0.4994 0.4991 0.4986 0.4981 
0.5003 0.4999 0.4994 0.4989 
0.4974 0.4971 0.4968 0.4964 
0.4984 0.4980 0.4976 0.4972 
0.4993 0.4989 0.4985 0.4980 
0.5001 0.4997 0.4993 0.4988 
0.4973 0.4970 0.4967 0.4963 
0.4983 0.4979 0.4975 0.4971 
0.4992 0.4988 0.4983 0.4979 
0.5000 0.4996 0.4991 0.4986 
0.4972 0.4969 0.4966 0.4962 
0.4982 0.4978 0.4974 0.4970 
0.4991 0.4987 0.4983 0.4978 
0.4999 0.4995 0.4991 0.4986 
0.4988 0.4984 0.4981 0.4977 
0.4997 0.4993 0.4989 0.4984 
0.5005 0.5001 0.4997 0.4992 
0.5013 0.5009 0.5004 0.4999 
0.4984 0.4981 0.4977 0.4973 
0.4993 0.4990 0.4986 0.4981 
0.5002 0.4998 0.4994 0.4989 
0.5010 0.5006 0.5001 0.4996 
0.4981 0.4978 0.4974 0.4970 
0.4990 0.4987 0.4983 0.4978 
0.4999 0.4995 0.4991 0.4986 
0.5007 0.5003 0.4999 0.4993 
0.4978 0.4975 0.4972 0.4968 
0.4988 0.4984 0.4980 0.4976 
0.4997 0.4993 0.4988 0.4983 
0.5005 0.5001 0.4996 0.4991 
0.5002 0.4999 0.4995 0.4991 
0.5010 0.5006 0.5002 0.4998 
0.5017 0.5013 0.5009 0.5004 
0.5024 0.5020 0.5015 0.5010 
0.4998 0.4995 0.4992 0.4987 
0.5007 0.5003 0.4999 0.4994 
0.5014 0.5011 0.5006 0.5001 
0.5021 0.5018 0.5013 0.5007 
0.4995 0.4992 0.4988 0.4984 
0.5003 0.5000 0.4996 0.4991 
0.5011 0.5008 0.5003 0.4998 
0.5019 0.5015 0.5010 0.5005 
0.4991 0.4988 0.4984 0.4980 
0.5000 0.4996 0.4992 0.4988 
0.5008 0.5004 0.5000 0.4995 
0.5016 0.5012 0.5007 0.5002 
0.5012 0.5009 0.5005 0.5001 
0.5018 0.5015 0.5011 0.5007 
0.5024 0.5020 0.5016 0.5012 
0.5029 0.5025 0.5021 0.5016 
0.5010 0.5007 0.5004 0.5000 
0.5017 0.5014 0.5010 0.5005 
0.5023 0.5020 0.5015 0.5011 
0.5029 0.5025 0.5020 0.5015 
0.5008 0.5005 0.5001 0.4997 
0.5015 0.5012 0.5008 0.5003 
0.5022 0.5018 0.5014 0.5009 
0.5028 0.5024 0.5019 0.5014 
0.5005 0.5002 0.4998 0.4994 
0.5013 0.5009 0.5005 0.5001 
0.5020 0.5016 0.5012 0.5007 
0.5026 0.5022 0.5017 0.5012 
0.5009 0.5006 0.5003 0.5000 
0.5014 0.5011 0.5008 0.5004 
0.5019 0.5016 0.5012 0.5008 
0.5023 0.5019 0.5015 0.5011 
0.5011 0.5008 0.5005 0.5002 
0.5017 0.5013 0.5010 0.5006 
0.5021 0.5018 0.5014 0.5010 
0.5026 0.5022 0.5018 0.5014 
0.5012 0.5009 0.5006 0.5003 
0.5018 0.5015 0.5011 0.5007 
0.5023 0.5020 0.5016 0.5011 
0.5028 0.5024 0.5020 0.5015 
0.5013 0.5010 0.5006 0.5002 
0.5019 0.5015 0.5011 0.5007 
0.5024 0.5020 0.5016 0.5012 
0.5029 0.5025 0.5021 0.5016 
0.4992 0.4989 0.4986 0.4983 
0.4997 0.4994 0.4991 0.4987 
0.5002 0.4998 0.4994 0.4991 
0.5005 0.5001 0.4998 0.4994 
0.4998 0.4995 0.4991 0.4988 
0.5002 0.4999 0.4996 0.4992 
0.5007 0.5003 0.5000 0.4996 
0.5010 0.5007 0.5003 0.4999 
0.5002 0.4999 0.4996 0.4993 
0.5007 0.5004 0.5001 0.4997 
0.5011 0.5008 0.5004 0.5001 
0.5015 0.5011 0.5008 0.5004 
0.5006 0.5003 0.5000 0.4997 
0.5011 0.5008 0.5005 0.5001 
0.5016 0.5012 0.5008 0.5005 
0.5019 0.5016 0.5012 0.5008 
0.4971 0.4967 0.4964 0.4960 
0.4976 0.4973 0.4969 0.4965 
0.4981 0.4977 0.4973 0.4969 
0.4984 0.4980 0.4976 0.4973 
0.4976 0.4972 0.4969 0.4966 
0.4981 0.4978 0.4974 0.4970 
0.4986 0.4982 0.4978 0.4974 
0.4989 0.4985 0.4981 0.4978 
0.4981 0.4978 0.4975 0.4971 
0.4986 0.4983 0.4979 0.4976 
0.4991 0.4987 0.4983 0.4980 
0.4994 0.4990 0.4987 0.4983 
0.4987 0.4984 0.4980 0.4977 
0.4992 0.4989 0.4985 0.4982 
0.4996 0.4993 0.4989 0.4985 
0.4999 0.4996 0.4992 0.4988 
0.4960 0.4956 0.4952 0.4948 
0.4965 0.4961 0.4957 0.4953 
0.4970 0.4966 0.4962 0.4958 
0.4974 0.4970 0.4965 0.4961 
0.4961 0.4957 0.4953 0.4949 
0.4967 0.4963 0.4958 0.4954 
0.4971 0.4967 0.4963 0.4959 
0.4975 0.4971 0.4967 0.4963 
0.4963 0.4959 0.4955 0.4952 
0.4969 0.4965 0.4961 0.4957 
0.4974 0.4969 0.4965 0.4961 
0.4977 0.4973 0.4969 0.4965 
0.4967 0.4963 0.4959 0.4956 
0.4972 0.4968 0.4964 0.4961 
0.4977 0.4973 0.4969 0.4965 
0.4980 0.4976 0.4972 0.4968 
0.4935 0.4935 0.4934 0.4932 
0.4946 0.4944 0.4943 0.4941 
0.4956 0.4954 0.4952 0.4949 
0.4966 0.4964 0.4961 0.4957 
0.4933 0.4933 0.4932 0.4930 
0.4944 0.4943 0.4941 0.4939 
0.4954 0.4952 0.4950 0.4947 
0.4964 0.4962 0.4959 0.4956 
0.4932 0.4931 0.4930 0.4929 
0.4943 0.4941 0.4940 0.4938 
0.4953 0.4951 0.4949 0.4946 
0.4963 0.4961 0.4958 0.4954 
0.4931 0.4931 0.4930 0.4928 
0.4942 0.4941 0.4939 0.4937 
0.4952 0.4950 0.4948 0.4945 
0.4963 0.4960 0.4957 0.4954 
0.4949 0.4948 0.4947 0.4946 
0.4959 0.4957 0.4955 0.4953 
0.4968 0.4966 0.4964 0.4961 
0.4978 0.4976 0.4972 0.4969 
0.4945 0.4944 0.4943 0.4942 
0.4955 0.4953 0.4952 0.4949 
0.4965 0.4963 0.4960 0.4957 
0.4975 0.4972 0.4969 0.4965 
0.4941 0.4940 0.4939 0.4938 
0.4951 0.4950 0.4948 0.4946 
0.4961 0.4959 0.4957 0.4954 
0.4971 0.4969 0.4966 0.4962 
0.4938 0.4937 0.4936 0.4935 
0.4948 0.4947 0.4945 0.4943 
0.4959 0.4957 0.4954 0.4951 
0.4969 0.4966 0.4963 0.4959 
0.4969 0.4968 0.4966 0.4965 
0.4977 0.4975 0.4973 0.4971 
0.4985 0.4983 0.4981 0.4978 
0.4994 0.4991 0.4988 0.4984 
0.4964 0.4963 0.4961 0.4960 
0.4972 0.4971 0.4969 0.4966 
0.4981 0.4979 0.4976 0.4973 
0.4990 0.4987 0.4984 0.4980 
0.4958 0.4958 0.4956 0.4955 
0.4968 0.4966 0.4964 0.4962 
0.4977 0.4975 0.4972 0.4969 
0.4986 0.4983 0.4980 0.4976 
0.4954 0.4953 0.4952 0.4950 
0.4963 0.4962 0.4960 0.4957 
0.4973 0.4970 0.4968 0.4965 
0.4982 0.4979 0.4976 0.4973 
0.4985 0.4984 0.4983 0.4981 
0.4992 0.4990 0.4988 0.4986 
0.4998 0.4996 0.4994 0.4991 
0.5005 0.5003 0.5000 0.4996 
0.4982 0.4981 0.4979 0.4978 
0.4989 0.4987 0.4985 0.4983 
0.4996 0.4994 0.4991 0.4988 
0.5003 0.5001 0.4998 0.4994 
0.4978 0.4977 0.4976 0.4974 
0.4985 0.4984 0.4982 0.4979 
0.4993 0.4991 0.4988 0.4985 
0.5001 0.4998 0.4995 0.4991 
0.4973 0.4973 0.4971 0.4969 
0.4981 0.4980 0.4978 0.4975 
0.4989 0.4987 0.4985 0.4982 
0.4997 0.4995 0.4992 0.4988 
0.4986 0.4985 0.4984 0.4982 
0.4992 0.4990 0.4988 0.4986 
0.4998 0.4996 0.4993 0.4991 
0.5004 0.5001 0.4998 0.4995 
0.4988 0.4987 0.4985 0.4984 
0.4994 0.4992 0.4990 0.4988 
0.5000 0.4997 0.4995 0.4992 
0.5005 0.5003 0.5000 0.4997 
0.4988 0.4987 0.4986 0.4984 
0.4994 0.4992 0.4990 0.4988 
0.5000 0.4998 0.4996 0.4993 
0.5006 0.5004 0.5001 0.4998 
0.4987 0.4986 0.4985 0.4983 
0.4993 0.4992 0.4990 0.4987 
0.5000 0.4998 0.4995 0.4992 
0.5006 0.5004 0.5001 0.4997 
0.4969 0.4967 0.4966 0.4964 
0.4975 0.4973 0.4971 0.4969 
0.4981 0.4978 0.4976 0.4973 
0.4987 0.4984 0.4981 0.4978 
0.4975 0.4973 0.4972 0.4970 
0.4980 0.4978 0.4976 0.4974 
0.4986 0.4984 0.4982 0.4979 
0.4992 0.4989 0.4987 0.4984 
0.4980 0.4978 0.4977 0.4975 
0.4985 0.4983 0.4981 0.4979 
0.4991 0.4989 0.4986 0.4984 
0.4997 0.4994 0.4991 0.4988 
0.4984 0.4982 0.4981 0.4979 
0.4989 0.4987 0.4985 0.4983 
0.4995 0.4993 0.4990 0.4988 
0.5001 0.4998 0.4995 0.4992 
0.4943 0.4941 0.4939 0.4937 
0.4951 0.4948 0.4946 0.4943 
0.4958 0.4955 0.4952 0.4949 
0.4965 0.4961 0.4958 0.4955 
0.4949 0.4947 0.4945 0.4944 
0.4956 0.4954 0.4951 0.4949 
0.4963 0.4960 0.4958 0.4955 
0.4970 0.4967 0.4963 0.4960 
0.4956 0.4954 0.4952 0.4950 
0.4962 0.4960 0.4958 0.4956 
0.4969 0.4966 0.4964 0.4961 
0.4975 0.4972 0.4969 0.4966 
0.4962 0.4961 0.4959 0.4957 
0.4969 0.4967 0.4964 0.4962 
0.4975 0.4972 0.4970 0.4967 
0.4981 0.4978 0.4975 0.4972 
0.4929 0.4927 0.4925 0.4923 
0.4937 0.4935 0.4932 0.4929 
0.4945 0.4942 0.4939 0.4936 
0.4953 0.4949 0.4945 0.4942 
0.4931 0.4929 0.4926 0.4924 
0.4939 0.4936 0.4933 0.4931 
0.4947 0.4943 0.4940 0.4937 
0.4954 0.4950 0.4947 0.4943 
0.4934 0.4932 0.4929 0.4927 
0.4942 0.4939 0.4936 0.4934 
0.4949 0.4946 0.4943 0.4940 
0.4957 0.4953 0.4949 0.4946 
0.4938 0.4936 0.4934 0.4932 
0.4946 0.4943 0.4940 0.4938 
0.4953 0.4950 0.4947 0.4944 
0.4960 0.4957 0.4953 0.4950 
0.4896 0.4898 0.4900 0.4902 
0.4905 0.4906 0.4908 0.4909 
0.4915 0.4915 0.4916 0.4916 
0.4925 0.4925 0.4925 0.4924 
0.4894 0.4896 0.4898 0.4900 
0.4903 0.4904 0.4905 0.4907 
0.4912 0.4913 0.4914 0.4914 
0.4923 0.4923 0.4923 0.4922 
0.4892 0.4894 0.4896 0.4898 
0.4901 0.4903 0.4904 0.4905 
0.4911 0.4912 0.4912 0.4913 
0.4921 0.4921 0.4921 0.4921 
0.4892 0.4893 0.4895 0.4897 
0.4900 0.4902 0.4903 0.4904 
0.4910 0.4911 0.4912 0.4912 
0.4921 0.4921 0.4921 0.4920 
0.4914 0.4916 0.4918 0.4919 
0.4922 0.4923 0.4924 0.4925 
0.4930 0.4931 0.4931 0.4931 
0.4939 0.4939 0.4939 0.4938 
0.4909 0.4910 0.4912 0.4914 
0.4917 0.4918 0.4919 0.4920 
0.4925 0.4926 0.4926 0.4927 
0.4935 0.4935 0.4935 0.4934 
0.4904 0.4906 0.4907 0.4909 
0.4912 0.4913 0.4915 0.4915 
0.4921 0.4922 0.4922 0.4923 
0.4931 0.4931 0.4931 0.4930 
0.4900 0.4902 0.4904 0.4905 
0.4908 0.4910 0.4911 0.4912 
0.4918 0.4918 0.4919 0.4919 
0.4928 0.4928 0.4927 0.4927 
0.4940 0.4942 0.4943 0.4944 
0.4946 0.4947 0.4948 0.4948 
0.4953 0.4953 0.4954 0.4953 
0.4961 0.4960 0.4960 0.4959 
0.4933 0.4935 0.4936 0.4937 
0.4940 0.4941 0.4942 0.4942 
0.4947 0.4948 0.4948 0.4948 
0.4955 0.4955 0.4954 0.4953 
0.4927 0.4928 0.4930 0.4931 
0.4934 0.4935 0.4935 0.4936 
0.4941 0.4942 0.4942 0.4942 
0.4950 0.4949 0.4949 0.4948 
0.4920 0.4922 0.4923 0.4925 
0.4927 0.4929 0.4930 0.4930 
0.4936 0.4936 0.4936 0.4936 
0.4944 0.4944 0.4944 0.4943 
0.4964 0.4965 0.4965 0.4966 
0.4968 0.4969 0.4969 0.4969 
0.4973 0.4973 0.4973 0.4972 
0.4979 0.4978 0.4977 0.4976 
0.4959 0.4960 0.4961 0.4961 
0.4964 0.4964 0.4965 0.4965 
0.4969 0.4969 0.4969 0.4968 
0.4975 0.4975 0.4974 0.4973 
0.4954 0.4955 0.4956 0.4956 
0.4959 0.4959 0.4960 0.4960 
0.4965 0.4965 0.4964 0.4964 
0.4971 0.4971 0.4970 0.4969 
0.4947 0.4948 0.4949 0.4950 
0.4953 0.4953 0.4954 0.4954 
0.4959 0.4959 0.4959 0.4959 
0.4966 0.4966 0.4965 0.4964 
0.4969 0.4969 0.4969 0.4969 
0.4973 0.4972 0.4972 0.4972 
0.4977 0.4976 0.4975 0.4975 
0.4981 0.4980 0.4979 0.4978 
0.4970 0.4971 0.4971 0.4971 
0.4974 0.4974 0.4974 0.4973 
0.4978 0.4978 0.4977 0.4976 
0.4983 0.4982 0.4981 0.4980 
0.4970 0.4970 0.4970 0.4970 
0.4973 0.4973 0.4973 0.4973 
0.4978 0.4977 0.4977 0.4976 
0.4983 0.4982 0.4981 0.4980 
0.4968 0.4968 0.4969 0.4969 
0.4972 0.4972 0.4972 0.4972 
0.4976 0.4976 0.4976 0.4975 
0.4981 0.4981 0.4980 0.4979 
0.4949 0.4949 0.4949 0.4949 
0.4953 0.4953 0.4952 0.4952 
0.4958 0.4957 0.4956 0.4955 
0.4963 0.4962 0.4961 0.4959 
0.4956 0.4956 0.4956 0.4956 
0.4960 0.4960 0.4959 0.4959 
0.4964 0.4964 0.4963 0.4962 
0.4969 0.4968 0.4967 0.4966 
0.4962 0.4962 0.4962 0.4962 
0.4965 0.4965 0.4965 0.4964 
0.4970 0.4969 0.4968 0.4967 
0.4974 0.4973 0.4972 0.4971 
0.4966 0.4966 0.4966 0.4966 
0.4970 0.4970 0.4969 0.4969 
0.4974 0.4973 0.4973 0.4972 
0.4979 0.4978 0.4976 0.4975 
0.4919 0.4918 0.4918 0.4918 
0.4924 0.4923 0.4922 0.4922 
0.4930 0.4929 0.4927 0.4927 
0.4936 0.4935 0.4933 0.4932 
0.4926 0.4926 0.4925 0.4925 
0.4931 0.4930 0.4929 0.4929 
0.4936 0.4935 0.4934 0.4933 
0.4943 0.4941 0.4940 0.4938 
0.4934 0.4934 0.4933 0.4933 
0.4938 0.4938 0.4937 0.4937 
0.4944 0.4943 0.4942 0.4941 
0.4949 0.4948 0.4947 0.4945 
0.4942 0.4942 0.4941 0.4941 
0.4946 0.4945 0.4945 0.4944 
0.4951 0.4950 0.4949 0.4948 
0.4956 0.4955 0.4954 0.4953 
0.4902 0.4901 0.4901 0.4900 
0.4907 0.4906 0.4906 0.4905 
0.4914 0.4913 0.4911 0.4910 
0.4921 0.4920 0.4918 0.4916 
0.4903 0.4903 0.4902 0.4902 
0.4909 0.4908 0.4907 0.4907 
0.4916 0.4914 0.4913 0.4912 
0.4923 0.4921 0.4920 0.4918 
0.4907 0.4907 0.4906 0.4906 
0.4913 0.4912 0.4911 0.4910 
0.4919 0.4918 0.4917 0.4916 
0.4926 0.4924 0.4923 0.4921 
0.4912 0.4912 0.4911 0.4911 
0.4918 0.4917 0.4916 0.4916 
0.4924 0.4923 0.4921 0.4920 
0.4931 0.4929 0.4927 0.4926 
0.4877 0.4880 0.4884 0.4887 
0.4879 0.4882 0.4885 0.4888 
0.4883 0.4886 0.4889 0.4892 
0.4889 0.4891 0.4894 0.4896 
0.4874 0.4877 0.4881 0.4884 
0.4876 0.4879 0.4883 0.4886 
0.4880 0.4883 0.4886 0.4889 
0.4886 0.4889 0.4891 0.4894 
0.4872 0.4875 0.4879 0.4882 
0.4874 0.4878 0.4881 0.4884 
0.4879 0.4881 0.4884 0.4887 
0.4885 0.4887 0.4890 0.4892 
0.4871 0.4875 0.4878 0.4881 
0.4873 0.4877 0.4880 0.4883 
0.4878 0.4881 0.4883 0.4886 
0.4884 0.4886 0.4889 0.4891 
0.4897 0.4900 0.4903 0.4906 
0.4899 0.4902 0.4905 0.4908 
0.4902 0.4905 0.4908 0.4910 
0.4908 0.4910 0.4912 0.4914 
0.4891 0.4894 0.4897 0.4900 
0.4893 0.4896 0.4899 0.4902 
0.4896 0.4899 0.4902 0.4905 
0.4902 0.4904 0.4906 0.4909 
0.4885 0.4888 0.4892 0.4895 
0.4887 0.4890 0.4893 0.4897 
0.4891 0.4894 0.4897 0.4899 
0.4897 0.4899 0.4901 0.4904 
0.4881 0.4884 0.4887 0.4890 
0.4883 0.4886 0.4889 0.4892 
0.4887 0.4890 0.4892 0.4895 
0.4892 0.4895 0.4897 0.4900 
0.4928 0.4930 0.4933 0.4935 
0.4929 0.4931 0.4934 0.4936 
0.4932 0.4934 0.4936 0.4938 
0.4935 0.4937 0.4939 0.4940 
0.4920 0.4922 0.4925 0.4927 
0.4921 0.4924 0.4926 0.4928 
0.4924 0.4926 0.4928 0.4931 
0.4928 0.4930 0.4932 0.4934 
0.4912 0.4914 0.4917 0.4920 
0.4913 0.4916 0.4919 0.4921 
0.4916 0.4919 0.4921 0.4923 
0.4921 0.4923 0.4925 0.4927 
0.4904 0.4907 0.4910 0.4913 
0.4906 0.4909 0.4911 0.4914 
0.4909 0.4912 0.4914 0.4917 
0.4914 0.4916 0.4918 0.4920 
0.4955 0.4957 0.4958 0.4960 
0.4956 0.4958 0.4959 0.4960 
0.4958 0.4959 0.4960 0.4961 
0.4961 0.4962 0.4963 0.4963 
0.4950 0.4951 0.4953 0.4955 
0.4951 0.4952 0.4954 0.4955 
0.4953 0.4954 0.4956 0.4957 
0.4956 0.4957 0.4958 0.4959 
0.4943 0.4945 0.4947 0.4949 
0.4944 0.4946 0.4948 0.4949 
0.4946 0.4948 0.4950 0.4951 
0.4949 0.4951 0.4952 0.4953 
0.4936 0.4938 0.4940 0.4942 
0.4937 0.4939 0.4941 0.4943 
0.4939 0.4941 0.4943 0.4945 
0.4943 0.4944 0.4946 0.4947 
0.4962 0.4963 0.4964 0.4964 
0.4963 0.4964 0.4964 0.4965 
0.4964 0.4965 0.4965 0.4966 
0.4966 0.4967 0.4967 0.4967 
0.4963 0.4964 0.4965 0.4966 
0.4964 0.4965 0.4966 0.4966 
0.4965 0.4966 0.4967 0.4967 
0.4967 0.4968 0.4968 0.4969 
0.4962 0.4963 0.4964 0.4965 
0.4963 0.4964 0.4965 0.4966 
0.4965 0.4965 0.4966 0.4967 
0.4967 0.4967 0.4968 0.4968 
0.4960 0.4961 0.4962 0.4963 
0.4960 0.4962 0.4963 0.4964 
0.4962 0.4963 0.4964 0.4965 
0.4964 0.4965 0.4966 0.4967 
0.4942 0.4942 0.4942 0.4943 
0.4942 0.4943 0.4943 0.4943 
0.4944 0.4944 0.4944 0.4945 
0.4946 0.4946 0.4946 0.4946 
0.4949 0.4949 0.4950 0.4950 
0.4950 0.4950 0.4950 0.4951 
0.4951 0.4951 0.4952 0.4952 
0.4953 0.4953 0.4953 0.4954 
0.4955 0.4956 0.4956 0.4957 
0.4956 0.4956 0.4957 0.4957 
0.4957 0.4957 0.4958 0.4958 
0.4959 0.4959 0.4960 0.4960 
0.4960 0.4960 0.4961 0.4961 
0.4960 0.4961 0.4961 0.4962 
0.4962 0.4962 0.4962 0.4963 
0.4964 0.4964 0.4964 0.4964 
0.4908 0.4908 0.4909 0.4909 
0.4909 0.4909 0.4910 0.4910 
0.4911 0.4911 0.4912 0.4912 
0.4915 0.4914 0.4914 0.4914 
0.4916 0.4916 0.4917 0.4917 
0.4917 0.4917 0.4918 0.4918 
0.4919 0.4919 0.4919 0.4920 
0.4922 0.4922 0.4922 0.4922 
0.4925 0.4925 0.4925 0.4926 
0.4926 0.4926 0.4926 0.4927 
0.4928 0.4928 0.4928 0.4928 
0.4930 0.4930 0.4930 0.4930 
0.4933 0.4934 0.4934 0.4935 
0.4934 0.4935 0.4935 0.4935 
0.4936 0.4936 0.4936 0.4937 
0.4938 0.4938 0.4938 0.4939 
0.4889 0.4890 0.4890 0.4891 
0.4891 0.4891 0.4891 0.4892 
0.4893 0.4893 0.4893 0.4894 
0.4897 0.4897 0.4896 0.4897 
0.4891 0.4892 0.4892 0.4893 
0.4893 0.4893 0.4893 0.4894 
0.4895 0.4895 0.4895 0.4896 
0.4899 0.4898 0.4898 0.4899 
0.4895 0.4896 0.4896 0.4897 
0.4897 0.4897 0.4897 0.4898 
0.4899 0.4899 0.4899 0.4900 
0.4902 0.4902 0.4902 0.4902 
0.4901 0.4901 0.4902 0.4902 
0.4902 0.4902 0.4903 0.4903 
0.4904 0.4905 0.4905 0.4905 
0.4908 0.4908 0.4908 0.4908 
0.5075 0.5074 0.5073 0.5071 
0.5077 0.5076 0.5075 0.5073 
0.5078 0.5077 0.5076 0.5074 
0.5079 0.5078 0.5077 0.5075 
0.5077 0.5077 0.5075 0.5073 
0.5080 0.5079 0.5077 0.5075 
0.5081 0.5080 0.5079 0.5077 
0.5082 0.5081 0.5080 0.5077 
0.5079 0.5078 0.5077 0.5075 
0.5081 0.5081 0.5079 0.5077 
0.5083 0.5082 0.5081 0.5079 
0.5084 0.5083 0.5082 0.5079 
0.5080 0.5079 0.5078 0.5076 
0.5082 0.5082 0.5080 0.5078 
0.5084 0.5083 0.5082 0.5080 
0.5085 0.5084 0.5083 0.5080 
0.5060 0.5059 0.5058 0.5057 
0.5060 0.5060 0.5059 0.5057 
0.5060 0.5060 0.5059 0.5057 
0.5060 0.5060 0.5059 0.5058 
0.5064 0.5064 0.5063 0.5061 
0.5065 0.5064 0.5063 0.5062 
0.5065 0.5065 0.5064 0.5062 
0.5066 0.5065 0.5064 0.5062 
0.5068 0.5068 0.5066 0.5065 
0.5069 0.5069 0.5068 0.5066 
0.5070 0.5070 0.5068 0.5067 
0.5070 0.5070 0.5069 0.5067 
0.5072 0.5071 0.5070 0.5068 
0.5073 0.5073 0.5071 0.5070 
0.5074 0.5074 0.5073 0.5071 
0.5075 0.5074 0.5073 0.5071 
0.5042 0.5042 0.5041 0.5040 
0.5041 0.5041 0.5040 0.5039 
0.5040 0.5040 0.5039 0.5038 
0.5039 0.5039 0.5039 0.5038 
0.5047 0.5046 0.5046 0.5044 
0.5046 0.5045 0.5045 0.5044 
0.5045 0.5044 0.5044 0.5043 
0.5044 0.5044 0.5044 0.5043 
0.5051 0.5051 0.5050 0.5049 
0.5050 0.5050 0.5049 0.5048 
0.5050 0.5050 0.5049 0.5048 
0.5050 0.5049 0.5049 0.5048 
0.5055 0.5055 0.5054 0.5053 
0.5055 0.5055 0.5054 0.5053 
0.5055 0.5055 0.5054 0.5053 
0.5055 0.5055 0.5054 0.5053 
0.5025 0.5025 0.5025 0.5024 
0.5023 0.5023 0.5022 0.5022 
0.5021 0.5021 0.5021 0.5021 
0.5020 0.5020 0.5020 0.5020 
0.5029 0.5029 0.5029 0.5028 
0.5027 0.5027 0.5027 0.5026 
0.5026 0.5026 0.5025 0.5025 
0.5025 0.5025 0.5025 0.5024 
0.5034 0.5033 0.5033 0.5032 
0.5032 0.5031 0.5031 0.5030 
0.5030 0.5030 0.5030 0.5029 
0.5030 0.5029 0.5029 0.5029 
0.5038 0.5038 0.5037 0.5036 
0.5036 0.5036 0.5035 0.5035 
0.5035 0.5035 0.5034 0.5034 
0.5034 0.5034 0.5034 0.5033 
0.5005 0.5005 0.5006 0.5006 
0.5003 0.5003 0.5003 0.5004 
0.5001 0.5001 0.5002 0.5002 
0.5000 0.5000 0.5001 0.5001 
0.5011 0.5011 0.5011 0.5011 
0.5008 0.5008 0.5008 0.5008 
0.5006 0.5006 0.5007 0.5007 
0.5005 0.5006 0.5006 0.5006 
0.5016 0.5016 0.5016 0.5015 
0.5013 0.5013 0.5013 0.5013 
0.5011 0.5011 0.5012 0.5012 
0.5011 0.5011 0.5011 0.5011 
0.5020 0.5020 0.5020 0.5020 
0.5018 0.5018 0.5018 0.5018 
0.5016 0.5016 0.5016 0.5016 
0.5015 0.5015 0.5015 0.5015 
0.4982 0.4982 0.4983 0.4984 
0.4980 0.4980 0.4981 0.4982 
0.4978 0.4978 0.4979 0.4981 
0.4977 0.4978 0.4979 0.4980 
0.4988 0.4988 0.4989 0.4989 
0.4986 0.4986 0.4986 0.4987 
0.4984 0.4984 0.4985 0.4986 
0.4983 0.4984 0.4984 0.4985 
0.4994 0.4994 0.4994 0.4995 
0.4991 0.4992 0.4992 0.4993 
0.4990 0.4990 0.4991 0.4992 
0.4989 0.4989 0.4990 0.4991 
0.5000 0.5000 0.5000 0.5000 
0.4997 0.4997 0.4998 0.4998 
0.4996 0.4996 0.4996 0.4997 
0.4995 0.4995 0.4995 0.4996 
0.4961 0.4961 0.4962 0.4963 
0.4959 0.4959 0.4960 0.4962 
0.4957 0.4958 0.4959 0.4960 
0.4957 0.4957 0.4958 0.4960 
0.4965 0.4966 0.4966 0.4968 
0.4963 0.4964 0.4965 0.4966 
0.4962 0.4962 0.4963 0.4965 
0.4961 0.4962 0.4963 0.4964 
0.4970 0.4971 0.4971 0.4973 
0.4968 0.4969 0.4970 0.4971 
0.4967 0.4967 0.4968 0.4970 
0.4966 0.4967 0.4968 0.4969 
0.4976 0.4976 0.4977 0.4978 
0.4974 0.4974 0.4975 0.4976 
0.4972 0.4973 0.4974 0.4975 
0.4972 0.4972 0.4973 0.4974 
0.4951 0.4951 0.4952 0.4953 
0.4949 0.4949 0.4950 0.4952 
0.4948 0.4948 0.4949 0.4951 
0.4947 0.4948 0.4949 0.4950 
0.4952 0.4952 0.4953 0.4954 
0.4950 0.4950 0.4951 0.4953 
0.4949 0.4949 0.4950 0.4952 
0.4948 0.4949 0.4950 0.4951 
0.4954 0.4954 0.4955 0.4956 
0.4952 0.4952 0.4953 0.4955 
0.4951 0.4951 0.4952 0.4954 
0.4950 0.4951 0.4952 0.4953 
0.4957 0.4957 0.4958 0.4959 
0.4955 0.4955 0.4956 0.4958 
0.4954 0.4954 0.4955 0.4957 
0.4953 0.4953 0.4955 0.4956 
0.5063 0.5063 0.5061 0.5059 
0.5067 0.5066 0.5065 0.5063 
0.5070 0.5069 0.5068 0.5066 
0.5073 0.5072 0.5071 0.5069 
0.5064 0.5063 0.5062 0.5060 
0.5068 0.5067 0.5066 0.5064 
0.5072 0.5071 0.5070 0.5067 
0.5075 0.5074 0.5073 0.5071 
0.5065 0.5064 0.5063 0.5060 
0.5069 0.5068 0.5067 0.5065 
0.5073 0.5072 0.5071 0.5069 
0.5076 0.5076 0.5074 0.5072 
0.5065 0.5064 0.5063 0.5061 
0.5070 0.5069 0.5067 0.5065 
0.5074 0.5073 0.5071 0.5069 
0.5077 0.5076 0.5075 0.5073 
0.5058 0.5057 0.5056 0.5054 
0.5058 0.5058 0.5057 0.5055 
0.5059 0.5059 0.5058 0.5056 
0.5060 0.5059 0.5058 0.5057 
0.5059 0.5059 0.5057 0.5056 
0.5061 0.5060 0.5059 0.5057 
0.5062 0.5062 0.5061 0.5059 
0.5063 0.5063 0.5062 0.5060 
0.5061 0.5060 0.5059 0.5057 
0.5063 0.5062 0.5061 0.5059 
0.5065 0.5064 0.5063 0.5061 
0.5067 0.5066 0.5065 0.5063 
0.5062 0.5061 0.5060 0.5058 
0.5065 0.5064 0.5063 0.5061 
0.5068 0.5067 0.5066 0.5064 
0.5070 0.5069 0.5068 0.5066 
0.5050 0.5049 0.5048 0.5047 
0.5048 0.5047 0.5046 0.5045 
0.5046 0.5045 0.5045 0.5043 
0.5044 0.5044 0.5043 0.5042 
0.5052 0.5051 0.5050 0.5049 
0.5051 0.5050 0.5049 0.5048 
0.5049 0.5049 0.5048 0.5047 
0.5048 0.5047 0.5047 0.5046 
0.5054 0.5053 0.5052 0.5051 
0.5053 0.5053 0.5052 0.5050 
0.5053 0.5052 0.5051 0.5050 
0.5052 0.5051 0.5051 0.5049 
0.5056 0.5055 0.5054 0.5052 
0.5056 0.5055 0.5054 0.5053 
0.5056 0.5055 0.5054 0.5053 
0.5056 0.5055 0.5054 0.5053 
0.5038 0.5038 0.5037 0.5036 
0.5035 0.5034 0.5034 0.5033 
0.5031 0.5031 0.5030 0.5030 
0.5028 0.5028 0.5027 0.5027 
0.5042 0.5041 0.5040 0.5039 
0.5038 0.5038 0.5037 0.5036 
0.5035 0.5035 0.5034 0.5033 
0.5032 0.5032 0.5031 0.5031 
0.5045 0.5044 0.5043 0.5042 
0.5042 0.5041 0.5041 0.5039 
0.5039 0.5039 0.5038 0.5037 
0.5036 0.5036 0.5035 0.5034 
0.5047 0.5047 0.5046 0.5044 
0.5045 0.5044 0.5044 0.5042 
0.5042 0.5042 0.5041 0.5040 
0.5040 0.5040 0.5039 0.5038 
0.5020 0.5020 0.5019 0.5019 
0.5016 0.5016 0.5016 0.5015 
0.5012 0.5012 0.5012 0.5012 
0.5008 0.5008 0.5008 0.5008 
0.5026 0.5025 0.5025 0.5024 
0.5021 0.5021 0.5021 0.5020 
0.5017 0.5017 0.5017 0.5017 
0.5014 0.5014 0.5014 0.5013 
0.5030 0.5030 0.5029 0.5028 
0.5026 0.5026 0.5025 0.5025 
0.5022 0.5022 0.5022 0.5021 
0.5019 0.5019 0.5018 0.5018 
0.5034 0.5034 0.5033 0.5032 
0.5031 0.5030 0.5030 0.5029 
0.5027 0.5027 0.5026 0.5026 
0.5023 0.5023 0.5023 0.5023 
0.4996 0.4996 0.4996 0.4996 
0.4992 0.4992 0.4992 0.4992 
0.4988 0.4988 0.4989 0.4989 
0.4985 0.4985 0.4985 0.4986 
0.5003 0.5002 0.5002 0.5002 
0.4998 0.4998 0.4998 0.4998 
0.4994 0.4995 0.4995 0.4995 
0.4991 0.4991 0.4991 0.4992 
0.5009 0.5009 0.5008 0.5008 
0.5005 0.5004 0.5004 0.5004 
0.5001 0.5001 0.5001 0.5001 
0.4997 0.4997 0.4997 0.4998 
0.5015 0.5014 0.5014 0.5013 
0.5011 0.5010 0.5010 0.5010 
0.5006 0.5006 0.5006 0.5006 
0.5003 0.5003 0.5003 0.5003 
0.4974 0.4974 0.4974 0.4974 
0.4970 0.4970 0.4970 0.4970 
0.4966 0.4966 0.4967 0.4968 
0.4963 0.4963 0.4964 0.4965 
0.4979 0.4979 0.4979 0.4979 
0.4975 0.4975 0.4975 0.4975 
0.4971 0.4971 0.4972 0.4972 
0.4968 0.4968 0.4969 0.4970 
0.4984 0.4984 0.4984 0.4984 
0.4980 0.4980 0.4980 0.4981 
0.4976 0.4977 0.4977 0.4978 
0.4973 0.4973 0.4974 0.4975 
0.4990 0.4990 0.4990 0.4990 
0.4986 0.4986 0.4986 0.4986 
0.4982 0.4982 0.4983 0.4983 
0.4979 0.4979 0.4980 0.4980 
0.4963 0.4963 0.4963 0.4963 
0.4959 0.4959 0.4960 0.4960 
0.4956 0.4956 0.4957 0.4957 
0.4953 0.4953 0.4954 0.4955 
0.4964 0.4964 0.4964 0.4964 
0.4960 0.4961 0.4961 0.4961 
0.4957 0.4957 0.4958 0.4958 
0.4954 0.4954 0.4955 0.4956 
0.4967 0.4967 0.4966 0.4966 
0.4963 0.4963 0.4963 0.4963 
0.4959 0.4959 0.4960 0.4961 
0.4956 0.4956 0.4957 0.4958 
0.4970 0.4970 0.4970 0.4970 
0.4966 0.4966 0.4966 0.4966 
0.4962 0.4962 0.4963 0.4964 
0.4959 0.4960 0.4960 0.4961 
0.5046 0.5045 0.5043 0.5041 
0.5051 0.5050 0.5048 0.5046 
0.5055 0.5055 0.5053 0.5051 
0.5059 0.5059 0.5057 0.5055 
0.5045 0.5044 0.5042 0.5040 
0.5050 0.5050 0.5048 0.5046 
0.5055 0.5055 0.5053 0.5051 
0.5060 0.5059 0.5058 0.5055 
0.5045 0.5044 0.5042 0.5039 
0.5050 0.5049 0.5048 0.5045 
0.5055 0.5055 0.5053 0.5051 
0.5060 0.5059 0.5058 0.5056 
0.5044 0.5043 0.5042 0.5039 
0.5050 0.5049 0.5048 0.5045 
0.5055 0.5055 0.5053 0.5051 
0.5060 0.5060 0.5058 0.5056 
0.5049 0.5049 0.5047 0.5045 
0.5052 0.5052 0.5050 0.5048 
0.5055 0.5054 0.5053 0.5051 
0.5056 0.5056 0.5054 0.5052 
0.5048 0.5048 0.5046 0.5044 
0.5052 0.5051 0.5050 0.5047 
0.5055 0.5054 0.5053 0.5051 
0.5057 0.5057 0.5055 0.5053 
0.5047 0.5047 0.5045 0.5043 
0.5052 0.5051 0.5049 0.5047 
0.5055 0.5054 0.5053 0.5051 
0.5058 0.5057 0.5056 0.5054 
0.5046 0.5046 0.5044 0.5042 
0.5051 0.5050 0.5049 0.5046 
0.5055 0.5054 0.5053 0.5051 
0.5059 0.5058 0.5057 0.5055 
0.5052 0.5051 0.5049 0.5047 
0.5052 0.5052 0.5050 0.5048 
0.5052 0.5051 0.5050 0.5048 
0.5051 0.5051 0.5049 0.5048 
0.5052 0.5051 0.5049 0.5047 
0.5053 0.5052 0.5051 0.5048 
0.5053 0.5052 0.5051 0.5049 
0.5053 0.5052 0.5051 0.5049 
0.5051 0.5050 0.5049 0.5046 
0.5053 0.5052 0.5051 0.5048 
0.5054 0.5053 0.5052 0.5050 
0.5054 0.5053 0.5052 0.5050 
0.5050 0.5049 0.5048 0.5046 
0.5053 0.5052 0.5050 0.5048 
0.5054 0.5054 0.5052 0.5050 
0.5055 0.5055 0.5053 0.5052 
0.5048 0.5047 0.5046 0.5043 
0.5047 0.5046 0.5045 0.5043 
0.5044 0.5044 0.5043 0.5041 
0.5042 0.5041 0.5040 0.5039 
0.5050 0.5049 0.5047 0.5045 
0.5049 0.5048 0.5047 0.5045 
0.5047 0.5046 0.5045 0.5043 
0.5045 0.5044 0.5043 0.5041 
0.5051 0.5050 0.5049 0.5046 
0.5050 0.5050 0.5048 0.5046 
0.5049 0.5049 0.5047 0.5045 
0.5047 0.5047 0.5045 0.5044 
0.5052 0.5051 0.5049 0.5047 
0.5052 0.5051 0.5050 0.5047 
0.5051 0.5050 0.5049 0.5047 
0.5049 0.5049 0.5048 0.5046 
0.5034 0.5033 0.5032 0.5030 
0.5031 0.5031 0.5030 0.5028 
0.5028 0.5028 0.5027 0.5025 
0.5024 0.5024 0.5023 0.5022 
0.5038 0.5038 0.5036 0.5034 
0.5036 0.5036 0.5034 0.5033 
0.5033 0.5033 0.5032 0.5030 
0.5029 0.5029 0.5028 0.5027 
0.5042 0.5042 0.5040 0.5038 
0.5040 0.5040 0.5038 0.5037 
0.5037 0.5037 0.5036 0.5034 
0.5034 0.5034 0.5033 0.5031 
0.5045 0.5045 0.5043 0.5041 
0.5044 0.5043 0.5042 0.5040 
0.5041 0.5041 0.5040 0.5038 
0.5038 0.5038 0.5037 0.5035 
0.5012 0.5011 0.5010 0.5008 
0.5009 0.5008 0.5007 0.5006 
0.5005 0.5004 0.5004 0.5003 
0.5001 0.5000 0.5000 0.4999 
0.5018 0.5017 0.5016 0.5014 
0.5015 0.5014 0.5013 0.5012 
0.5011 0.5011 0.5010 0.5009 
0.5007 0.5007 0.5006 0.5005 
0.5024 0.5023 0.5022 0.5020 
0.5021 0.5020 0.5019 0.5018 
0.5017 0.5017 0.5016 0.5015 
0.5013 0.5013 0.5012 0.5011 
0.5029 0.5028 0.5027 0.5025 
0.5026 0.5026 0.5025 0.5023 
0.5023 0.5022 0.5021 0.5020 
0.5019 0.5019 0.5018 0.5017 
0.4990 0.4990 0.4988 0.4987 
0.4987 0.4986 0.4985 0.4984 
0.4983 0.4982 0.4981 0.4981 
0.4978 0.4978 0.4978 0.4977 
0.4995 0.4994 0.4993 0.4991 
0.4991 0.4991 0.4990 0.4989 
0.4987 0.4987 0.4986 0.4985 
0.4983 0.4983 0.4982 0.4982 
0.5000 0.5000 0.4998 0.4997 
0.4997 0.4996 0.4995 0.4994 
0.4993 0.4992 0.4992 0.4991 
0.4989 0.4988 0.4988 0.4987 
0.5006 0.5005 0.5004 0.5002 
0.5003 0.5002 0.5001 0.5000 
0.4999 0.4998 0.4998 0.4997 
0.4995 0.4994 0.4994 0.4993 
0.4980 0.4979 0.4978 0.4976 
0.4976 0.4976 0.4974 0.4973 
0.4972 0.4971 0.4971 0.4970 
0.4968 0.4967 0.4967 0.4966 
0.4981 0.4980 0.4979 0.4977 
0.4977 0.4977 0.4976 0.4974 
0.4973 0.4973 0.4972 0.4971 
0.4969 0.4968 0.4968 0.4968 
0.4983 0.4982 0.4981 0.4979 
0.4979 0.4979 0.4978 0.4976 
0.4975 0.4975 0.4974 0.4973 
0.4971 0.4971 0.4970 0.4970 
0.4986 0.4986 0.4984 0.4983 
0.4983 0.4982 0.4981 0.4980 
0.4978 0.4978 0.4977 0.4976 
0.4974 0.4974 0.4973 0.4973 
0.5019 0.5019 0.5017 0.5014 
0.5027 0.5026 0.5024 0.5022 
0.5034 0.5033 0.5031 0.5029 
0.5040 0.5039 0.5037 0.5035 
0.5018 0.5017 0.5015 0.5013 
0.5026 0.5025 0.5023 0.5020 
0.5033 0.5032 0.5030 0.5027 
0.5039 0.5038 0.5036 0.5034 
0.5017 0.5016 0.5014 0.5012 
0.5025 0.5024 0.5022 0.5019 
0.5032 0.5031 0.5029 0.5027 
0.5038 0.5038 0.5036 0.5033 
0.5016 0.5016 0.5014 0.5011 
0.5024 0.5023 0.5022 0.5019 
0.5031 0.5031 0.5029 0.5026 
0.5038 0.5037 0.5035 0.5033 
0.5029 0.5028 0.5026 0.5024 
0.5035 0.5034 0.5033 0.5030 
0.5041 0.5040 0.5038 0.5036 
0.5046 0.5045 0.5043 0.5041 
0.5026 0.5025 0.5023 0.5021 
0.5033 0.5032 0.5030 0.5028 
0.5039 0.5038 0.5036 0.5034 
0.5044 0.5043 0.5042 0.5039 
0.5024 0.5023 0.5021 0.5018 
0.5031 0.5030 0.5028 0.5025 
0.5037 0.5036 0.5034 0.5032 
0.5043 0.5042 0.5040 0.5038 
0.5021 0.5021 0.5019 0.5016 
0.5029 0.5028 0.5026 0.5023 
0.5035 0.5034 0.5033 0.5030 
0.5041 0.5040 0.5039 0.5036 
0.5038 0.5037 0.5036 0.5033 
0.5043 0.5043 0.5041 0.5038 
0.5047 0.5046 0.5045 0.5042 
0.5050 0.5049 0.5048 0.5045 
0.5036 0.5035 0.5034 0.5031 
0.5042 0.5041 0.5039 0.5037 
0.5046 0.5045 0.5044 0.5041 
0.5049 0.5049 0.5047 0.5045 
0.5034 0.5033 0.5031 0.5029 
0.5040 0.5039 0.5037 0.5035 
0.5045 0.5044 0.5042 0.5040 
0.5048 0.5047 0.5046 0.5043 
0.5031 0.5030 0.5029 0.5026 
0.5038 0.5037 0.5035 0.5032 
0.5043 0.5042 0.5040 0.5038 
0.5047 0.5046 0.5045 0.5042 
0.5042 0.5041 0.5039 0.5037 
0.5045 0.5044 0.5042 0.5040 
0.5047 0.5046 0.5045 0.5042 
0.5048 0.5047 0.5046 0.5043 
0.5042 0.5041 0.5039 0.5037 
0.5045 0.5045 0.5043 0.5040 
0.5048 0.5047 0.5046 0.5043 
0.5049 0.5049 0.5047 0.5045 
0.5041 0.5040 0.5039 0.5036 
0.5045 0.5044 0.5043 0.5040 
0.5048 0.5048 0.5046 0.5043 
0.5050 0.5049 0.5048 0.5045 
0.5040 0.5039 0.5037 0.5035 
0.5045 0.5044 0.5042 0.5040 
0.5048 0.5047 0.5046 0.5043 
0.5050 0.5050 0.5048 0.5046 
0.5034 0.5033 0.5031 0.5029 
0.5035 0.5035 0.5033 0.5031 
0.5036 0.5035 0.5034 0.5031 
0.5036 0.5035 0.5033 0.5031 
0.5037 0.5036 0.5034 0.5032 
0.5039 0.5038 0.5036 0.5034 
0.5040 0.5039 0.5038 0.5035 
0.5040 0.5039 0.5037 0.5035 
0.5039 0.5038 0.5037 0.5034 
0.5042 0.5041 0.5039 0.5037 
0.5043 0.5042 0.5041 0.5038 
0.5043 0.5042 0.5041 0.5039 
0.5041 0.5040 0.5038 0.5036 
0.5044 0.5043 0.5041 0.5039 
0.5045 0.5045 0.5043 0.5041 
0.5046 0.5045 0.5044 0.5041 
0.5015 0.5015 0.5013 0.5010 
0.5016 0.5015 0.5014 0.5011 
0.5016 0.5015 0.5014 0.5011 
0.5014 0.5014 0.5012 0.5010 
0.5021 0.5020 0.5018 0.5015 
0.5022 0.5021 0.5019 0.5017 
0.5022 0.5021 0.5019 0.5017 
0.5020 0.5019 0.5018 0.5016 
0.5025 0.5025 0.5023 0.5020 
0.5027 0.5026 0.5024 0.5022 
0.5027 0.5026 0.5024 0.5022 
0.5026 0.5025 0.5024 0.5021 
0.5030 0.5029 0.5027 0.5025 
0.5031 0.5031 0.5029 0.5027 
0.5032 0.5031 0.5029 0.5027 
0.5031 0.5030 0.5029 0.5027 
0.4996 0.4995 0.4993 0.4990 
0.4996 0.4995 0.4993 0.4991 
0.4995 0.4994 0.4993 0.4990 
0.4993 0.4993 0.4991 0.4989 
0.5000 0.4999 0.4997 0.4994 
0.5001 0.5000 0.4998 0.4995 
0.5000 0.4999 0.4997 0.4995 
0.4998 0.4997 0.4996 0.4994 
0.5005 0.5004 0.5002 0.5000 
0.5006 0.5005 0.5003 0.5000 
0.5005 0.5004 0.5002 0.5000 
0.5003 0.5002 0.5001 0.4999 
0.5010 0.5009 0.5007 0.5005 
0.5011 0.5010 0.5008 0.5006 
0.5010 0.5010 0.5008 0.5006 
0.5009 0.5008 0.5007 0.5004 
0.4986 0.4985 0.4983 0.4980 
0.4986 0.4985 0.4983 0.4980 
0.4985 0.4984 0.4983 0.4980 
0.4983 0.4982 0.4981 0.4978 
0.4987 0.4986 0.4984 0.4981 
0.4987 0.4986 0.4984 0.4982 
0.4986 0.4985 0.4984 0.4981 
0.4984 0.4983 0.4982 0.4980 
0.4989 0.4988 0.4986 0.4983 
0.4990 0.4988 0.4986 0.4984 
0.4989 0.4988 0.4986 0.4983 
0.4986 0.4985 0.4984 0.4982 
0.4992 0.4991 0.4989 0.4986 
0.4993 0.4991 0.4990 0.4987 
0.4992 0.4991 0.4989 0.4986 
0.4989 0.4989 0.4987 0.4985 
0.4982 0.4982 0.4980 0.4979 
0.4993 0.4992 0.4990 0.4988 
0.5002 0.5001 0.5000 0.4997 
0.5011 0.5010 0.5009 0.5006 
0.4981 0.4980 0.4979 0.4977 
0.4991 0.4990 0.4989 0.4987 
0.5001 0.5000 0.4998 0.4996 
0.5010 0.5009 0.5007 0.5005 
0.4979 0.4979 0.4977 0.4976 
0.4990 0.4989 0.4988 0.4985 
0.4999 0.4999 0.4997 0.4995 
0.5009 0.5008 0.5006 0.5003 
0.4979 0.4978 0.4977 0.4975 
0.4989 0.4988 0.4987 0.4985 
0.4999 0.4998 0.4996 0.4994 
0.5008 0.5007 0.5005 0.5003 
0.4994 0.4993 0.4992 0.4990 
0.5004 0.5003 0.5001 0.4999 
0.5013 0.5012 0.5010 0.5008 
0.5021 0.5020 0.5019 0.5016 
0.4990 0.4990 0.4988 0.4987 
0.5000 0.5000 0.4998 0.4996 
0.5010 0.5009 0.5007 0.5005 
0.5018 0.5017 0.5016 0.5013 
0.4987 0.4987 0.4985 0.4983 
0.4997 0.4997 0.4995 0.4993 
0.5007 0.5006 0.5005 0.5002 
0.5016 0.5015 0.5013 0.5011 
0.4985 0.4984 0.4983 0.4981 
0.4995 0.4994 0.4993 0.4990 
0.5004 0.5004 0.5002 0.5000 
0.5013 0.5012 0.5011 0.5008 
0.5008 0.5007 0.5006 0.5004 
0.5017 0.5016 0.5015 0.5013 
0.5025 0.5024 0.5023 0.5020 
0.5032 0.5031 0.5030 0.5027 
0.5005 0.5004 0.5003 0.5001 
0.5014 0.5013 0.5012 0.5009 
0.5022 0.5021 0.5020 0.5017 
0.5030 0.5029 0.5027 0.5025 
0.5001 0.5000 0.4999 0.4997 
0.5010 0.5010 0.5008 0.5006 
0.5019 0.5018 0.5017 0.5014 
0.5027 0.5026 0.5024 0.5022 
0.4997 0.4997 0.4995 0.4994 
0.5007 0.5006 0.5005 0.5003 
0.5016 0.5015 0.5014 0.5011 
0.5024 0.5023 0.5022 0.5019 
0.5018 0.5017 0.5016 0.5014 
0.5025 0.5024 0.5023 0.5021 
0.5031 0.5031 0.5029 0.5027 
0.5037 0.5036 0.5035 0.5032 
0.5016 0.5016 0.5014 0.5013 
0.5024 0.5023 0.5022 0.5020 
0.5031 0.5030 0.5028 0.5026 
0.5037 0.5036 0.5034 0.5032 
0.5014 0.5013 0.5012 0.5010 
0.5022 0.5021 0.5020 0.5018 
0.5029 0.5029 0.5027 0.5025 
0.5036 0.5035 0.5033 0.5031 
0.5011 0.5011 0.5009 0.5008 
0.5020 0.5019 0.5018 0.5015 
0.5027 0.5027 0.5025 0.5023 
0.5034 0.5033 0.5032 0.5029 
0.5015 0.5015 0.5013 0.5012 
0.5021 0.5021 0.5019 0.5017 
0.5026 0.5026 0.5024 0.5022 
0.5031 0.5030 0.5028 0.5026 
0.5017 0.5017 0.5015 0.5014 
0.5024 0.5023 0.5021 0.5019 
0.5029 0.5028 0.5027 0.5024 
0.5033 0.5033 0.5031 0.5029 
0.5018 0.5018 0.5017 0.5015 
0.5025 0.5024 0.5023 0.5021 
0.5031 0.5030 0.5028 0.5026 
0.5035 0.5035 0.5033 0.5031 
0.5019 0.5018 0.5017 0.5015 
0.5025 0.5025 0.5023 0.5021 
0.5031 0.5031 0.5029 0.5027 
0.5037 0.5036 0.5034 0.5032 
0.5000 0.4999 0.4997 0.4995 
0.5005 0.5004 0.5003 0.5000 
0.5010 0.5009 0.5007 0.5005 
0.5013 0.5012 0.5011 0.5008 
0.5004 0.5004 0.5002 0.5000 
0.5010 0.5009 0.5008 0.5005 
0.5015 0.5014 0.5012 0.5010 
0.5018 0.5017 0.5016 0.5013 
0.5009 0.5008 0.5007 0.5005 
0.5014 0.5014 0.5012 0.5010 
0.5019 0.5018 0.5017 0.5014 
0.5023 0.5022 0.5020 0.5018 
0.5013 0.5012 0.5010 0.5009 
0.5018 0.5017 0.5016 0.5014 
0.5023 0.5022 0.5021 0.5018 
0.5027 0.5026 0.5025 0.5022 
0.4980 0.4979 0.4977 0.4974 
0.4986 0.4985 0.4983 0.4980 
0.4991 0.4989 0.4987 0.4984 
0.4994 0.4993 0.4991 0.4988 
0.4984 0.4983 0.4982 0.4979 
0.4990 0.4989 0.4987 0.4985 
0.4995 0.4994 0.4992 0.4989 
0.4998 0.4997 0.4995 0.4992 
0.4989 0.4988 0.4987 0.4984 
0.4995 0.4994 0.4992 0.4990 
0.5000 0.4999 0.4997 0.4994 
0.5003 0.5002 0.5000 0.4997 
0.4994 0.4994 0.4992 0.4990 
0.5000 0.4999 0.4997 0.4995 
0.5005 0.5004 0.5002 0.4999 
0.5008 0.5007 0.5005 0.5003 
0.4969 0.4968 0.4966 0.4963 
0.4976 0.4975 0.4972 0.4969 
0.4981 0.4980 0.4977 0.4974 
0.4984 0.4983 0.4981 0.4978 
0.4971 0.4969 0.4967 0.4964 
0.4977 0.4976 0.4974 0.4970 
0.4982 0.4981 0.4978 0.4975 
0.4985 0.4984 0.4982 0.4979 
0.4973 0.4972 0.4970 0.4967 
0.4979 0.4978 0.4976 0.4973 
0.4984 0.4983 0.4981 0.4977 
0.4987 0.4986 0.4984 0.4981 
0.4976 0.4975 0.4973 0.4970 
0.4982 0.4981 0.4979 0.4976 
0.4987 0.4986 0.4984 0.4981 
0.4990 0.4989 0.4987 0.4984 
0.4936 0.4936 0.4936 0.4936 
0.4948 0.4948 0.4947 0.4947 
0.4960 0.4960 0.4959 0.4958 
0.4971 0.4971 0.4970 0.4968 
0.4934 0.4934 0.4934 0.4934 
0.4946 0.4946 0.4946 0.4945 
0.4958 0.4958 0.4957 0.4956 
0.4970 0.4969 0.4968 0.4967 
0.4933 0.4933 0.4933 0.4932 
0.4945 0.4945 0.4944 0.4944 
0.4957 0.4957 0.4956 0.4955 
0.4968 0.4968 0.4967 0.4965 
0.4932 0.4932 0.4932 0.4932 
0.4944 0.4944 0.4944 0.4943 
0.4956 0.4956 0.4955 0.4954 
0.4968 0.4967 0.4966 0.4965 
0.4950 0.4950 0.4950 0.4949 
0.4961 0.4961 0.4960 0.4960 
0.4972 0.4972 0.4971 0.4970 
0.4983 0.4983 0.4982 0.4980 
0.4946 0.4945 0.4945 0.4945 
0.4957 0.4957 0.4956 0.4956 
0.4968 0.4968 0.4967 0.4966 
0.4980 0.4979 0.4978 0.4977 
0.4942 0.4942 0.4942 0.4941 
0.4954 0.4953 0.4953 0.4952 
0.4965 0.4965 0.4964 0.4963 
0.4976 0.4976 0.4975 0.4973 
0.4939 0.4939 0.4938 0.4938 
0.4951 0.4950 0.4950 0.4949 
0.4962 0.4962 0.4961 0.4960 
0.4974 0.4973 0.4972 0.4971 
0.4970 0.4970 0.4970 0.4969 
0.4979 0.4979 0.4979 0.4978 
0.4989 0.4989 0.4988 0.4987 
0.4999 0.4998 0.4997 0.4996 
0.4965 0.4965 0.4964 0.4964 
0.4975 0.4974 0.4974 0.4973 
0.4985 0.4984 0.4984 0.4983 
0.4995 0.4994 0.4993 0.4992 
0.4959 0.4959 0.4959 0.4959 
0.4970 0.4970 0.4969 0.4969 
0.4980 0.4980 0.4979 0.4978 
0.4991 0.4990 0.4989 0.4988 
0.4954 0.4954 0.4954 0.4954 
0.4965 0.4965 0.4965 0.4964 
0.4976 0.4976 0.4975 0.4974 
0.4987 0.4986 0.4985 0.4984 
0.4987 0.4987 0.4986 0.4986 
0.4995 0.4994 0.4994 0.4993 
0.5002 0.5002 0.5001 0.5000 
0.5010 0.5010 0.5009 0.5007 
0.4984 0.4983 0.4983 0.4983 
0.4992 0.4991 0.4991 0.4990 
0.5000 0.5000 0.4999 0.4998 
0.5008 0.5008 0.5007 0.5005 
0.4979 0.4979 0.4979 0.4979 
0.4988 0.4988 0.4987 0.4987 
0.4997 0.4996 0.4996 0.4995 
0.5006 0.5005 0.5004 0.5003 
0.4975 0.4975 0.4975 0.4974 
0.4984 0.4984 0.4983 0.4982 
0.4993 0.4993 0.4992 0.4991 
0.5002 0.5002 0.5001 0.4999 
0.4989 0.4989 0.4988 0.4988 
0.4996 0.4995 0.4995 0.4993 
0.5002 0.5002 0.5001 0.5000 
0.5009 0.5008 0.5007 0.5006 
0.4990 0.4990 0.4990 0.4989 
0.4997 0.4997 0.4996 0.4995 
0.5004 0.5004 0.5003 0.5001 
0.5011 0.5010 0.5009 0.5008 
0.4990 0.4990 0.4990 0.4989 
0.4997 0.4997 0.4996 0.4995 
0.5004 0.5004 0.5003 0.5002 
0.5012 0.5011 0.5010 0.5008 
0.4989 0.4989 0.4989 0.4988 
0.4996 0.4996 0.4996 0.4995 
0.5004 0.5004 0.5003 0.5001 
0.5011 0.5011 0.5010 0.5008 
0.4973 0.4972 0.4971 0.4970 
0.4979 0.4979 0.4978 0.4977 
0.4986 0.4986 0.4985 0.4983 
0.4993 0.4993 0.4991 0.4989 
0.4978 0.4978 0.4977 0.4976 
0.4985 0.4984 0.4983 0.4982 
0.4992 0.4991 0.4990 0.4988 
0.4998 0.4998 0.4996 0.4994 
0.4983 0.4982 0.4982 0.4981 
0.4989 0.4989 0.4988 0.4987 
0.4996 0.4995 0.4994 0.4993 
0.5003 0.5002 0.5001 0.4999 
0.4987 0.4986 0.4986 0.4985 
0.4993 0.4993 0.4992 0.4991 
0.5000 0.4999 0.4998 0.4997 
0.5006 0.5006 0.5004 0.5003 
0.4948 0.4948 0.4947 0.4945 
0.4957 0.4956 0.4955 0.4953 
0.4965 0.4964 0.4963 0.4960 
0.4973 0.4972 0.4970 0.4968 
0.4954 0.4954 0.4953 0.4951 
0.4962 0.4961 0.4960 0.4958 
0.4970 0.4969 0.4968 0.4966 
0.4978 0.4977 0.4975 0.4973 
0.4960 0.4960 0.4959 0.4957 
0.4968 0.4967 0.4966 0.4964 
0.4975 0.4975 0.4973 0.4971 
0.4983 0.4982 0.4980 0.4978 
0.4967 0.4966 0.4965 0.4964 
0.4974 0.4973 0.4972 0.4971 
0.4981 0.4980 0.4979 0.4977 
0.4988 0.4987 0.4986 0.4984 
0.4935 0.4935 0.4933 0.4932 
0.4945 0.4944 0.4942 0.4940 
0.4953 0.4953 0.4951 0.4948 
0.4962 0.4961 0.4959 0.4956 
0.4937 0.4936 0.4935 0.4933 
0.4946 0.4945 0.4943 0.4941 
0.4955 0.4954 0.4952 0.4950 
0.4963 0.4962 0.4960 0.4957 
0.4940 0.4939 0.4938 0.4936 
0.4948 0.4948 0.4946 0.4944 
0.4957 0.4956 0.4955 0.4952 
0.4965 0.4964 0.4962 0.4960 
0.4943 0.4943 0.4942 0.4940 
0.4952 0.4951 0.4950 0.4948 
0.4961 0.4960 0.4958 0.4956 
0.4969 0.4968 0.4966 0.4963 
0.4892 0.4892 0.4893 0.4895 
0.4901 0.4902 0.4903 0.4904 
0.4912 0.4913 0.4913 0.4914 
0.4924 0.4924 0.4924 0.4925 
0.4889 0.4890 0.4891 0.4892 
0.4899 0.4900 0.4900 0.4902 
0.4910 0.4911 0.4911 0.4912 
0.4922 0.4922 0.4922 0.4923 
0.4887 0.4888 0.4889 0.4891 
0.4898 0.4898 0.4899 0.4900 
0.4909 0.4909 0.4910 0.4910 
0.4921 0.4921 0.4921 0.4921 
0.4887 0.4887 0.4888 0.4890 
0.4897 0.4897 0.4898 0.4899 
0.4908 0.4908 0.4909 0.4910 
0.4920 0.4920 0.4920 0.4921 
0.4909 0.4910 0.4911 0.4912 
0.4918 0.4919 0.4919 0.4920 
0.4928 0.4928 0.4929 0.4929 
0.4939 0.4939 0.4939 0.4939 
0.4904 0.4904 0.4905 0.4907 
0.4913 0.4913 0.4914 0.4915 
0.4923 0.4923 0.4924 0.4925 
0.4934 0.4934 0.4934 0.4935 
0.4899 0.4899 0.4900 0.4902 
0.4908 0.4909 0.4910 0.4911 
0.4919 0.4919 0.4920 0.4920 
0.4930 0.4930 0.4931 0.4931 
0.4895 0.4895 0.4896 0.4898 
0.4905 0.4905 0.4906 0.4907 
0.4915 0.4916 0.4916 0.4917 
0.4927 0.4927 0.4927 0.4927 
0.4937 0.4937 0.4938 0.4939 
0.4944 0.4944 0.4945 0.4945 
0.4952 0.4952 0.4952 0.4953 
0.4960 0.4961 0.4961 0.4961 
0.4929 0.4930 0.4931 0.4932 
0.4937 0.4937 0.4938 0.4939 
0.4945 0.4946 0.4946 0.4947 
0.4955 0.4955 0.4955 0.4955 
0.4922 0.4923 0.4924 0.4925 
0.4930 0.4931 0.4931 0.4932 
0.4939 0.4940 0.4940 0.4941 
0.4949 0.4949 0.4949 0.4950 
0.4915 0.4916 0.4917 0.4918 
0.4924 0.4924 0.4925 0.4926 
0.4933 0.4934 0.4934 0.4935 
0.4944 0.4944 0.4944 0.4944 
0.4962 0.4962 0.4963 0.4963 
0.4967 0.4967 0.4968 0.4968 
0.4973 0.4973 0.4973 0.4973 
0.4980 0.4980 0.4980 0.4979 
0.4957 0.4957 0.4958 0.4958 
0.4962 0.4963 0.4963 0.4963 
0.4969 0.4969 0.4969 0.4969 
0.4976 0.4976 0.4976 0.4976 
0.4951 0.4951 0.4952 0.4953 
0.4957 0.4957 0.4957 0.4958 
0.4964 0.4964 0.4964 0.4964 
0.4971 0.4971 0.4971 0.4971 
0.4944 0.4944 0.4945 0.4946 
0.4950 0.4951 0.4951 0.4952 
0.4958 0.4958 0.4958 0.4959 
0.4966 0.4966 0.4966 0.4966 
0.4969 0.4969 0.4969 0.4969 
0.4973 0.4973 0.4973 0.4973 
0.4977 0.4977 0.4977 0.4977 
0.4983 0.4983 0.4983 0.4982 
0.4969 0.4969 0.4970 0.4970 
0.4974 0.4974 0.4974 0.4974 
0.4979 0.4978 0.4978 0.4978 
0.4984 0.4984 0.4984 0.4983 
0.4968 0.4969 0.4969 0.4969 
0.4973 0.4973 0.4973 0.4973 
0.4978 0.4978 0.4978 0.4978 
0.4984 0.4984 0.4984 0.4983 
0.4966 0.4966 0.4967 0.4967 
0.4971 0.4971 0.4971 0.4971 
0.4976 0.4976 0.4976 0.4976 
0.4982 0.4982 0.4982 0.4982 
0.4950 0.4950 0.4950 0.4950 
0.4955 0.4954 0.4954 0.4954 
0.4960 0.4960 0.4959 0.4959 
0.4966 0.4966 0.4965 0.4964 
0.4957 0.4957 0.4956 0.4956 
0.4961 0.4961 0.4961 0.4960 
0.4966 0.4966 0.4965 0.4965 
0.4972 0.4971 0.4971 0.4970 
0.4962 0.4962 0.4962 0.4962 
0.4966 0.4966 0.4966 0.4966 
0.4971 0.4971 0.4971 0.4970 
0.4977 0.4976 0.4976 0.4975 
0.4966 0.4966 0.4966 0.4966 
0.4970 0.4970 0.4970 0.4970 
0.4975 0.4975 0.4975 0.4974 
0.4980 0.4980 0.4980 0.4979 
0.4920 0.4920 0.4920 0.4919 
0.4926 0.4926 0.4925 0.4925 
0.4933 0.4932 0.4932 0.4931 
0.4940 0.4940 0.4939 0.4938 
0.4927 0.4927 0.4927 0.4926 
0.4933 0.4933 0.4932 0.4932 
0.4939 0.4939 0.4938 0.4937 
0.4946 0.4946 0.4945 0.4944 
0.4935 0.4935 0.4935 0.4934 
0.4940 0.4940 0.4940 0.4939 
0.4946 0.4946 0.4945 0.4945 
0.4953 0.4953 0.4952 0.4951 
0.4943 0.4943 0.4942 0.4942 
0.4947 0.4947 0.4947 0.4947 
0.4953 0.4953 0.4952 0.4952 
0.4960 0.4959 0.4959 0.4958 
0.4903 0.4903 0.4903 0.4902 
0.4910 0.4910 0.4909 0.4908 
0.4918 0.4917 0.4917 0.4915 
0.4926 0.4926 0.4925 0.4923 
0.4905 0.4905 0.4905 0.4904 
0.4912 0.4912 0.4911 0.4910 
0.4919 0.4919 0.4918 0.4917 
0.4928 0.4927 0.4926 0.4925 
0.4909 0.4908 0.4908 0.4908 
0.4915 0.4915 0.4914 0.4914 
0.4923 0.4922 0.4921 0.4920 
0.4931 0.4930 0.4929 0.4928 
0.4914 0.4914 0.4913 0.4913 
0.4920 0.4920 0.4919 0.4918 
0.4927 0.4927 0.4926 0.4925 
0.4935 0.4935 0.4934 0.4932 
0.4869 0.4870 0.4872 0.4874 
0.4871 0.4872 0.4874 0.4876 
0.4876 0.4877 0.4878 0.4881 
0.4883 0.4884 0.4885 0.4887 
0.4866 0.4867 0.4869 0.4871 
0.4869 0.4870 0.4871 0.4873 
0.4874 0.4874 0.4876 0.4878 
0.4880 0.4881 0.4882 0.4884 
0.4864 0.4865 0.4867 0.4869 
0.4867 0.4868 0.4869 0.4872 
0.4872 0.4873 0.4874 0.4876 
0.4879 0.4879 0.4881 0.4883 
0.4863 0.4864 0.4866 0.4868 
0.4866 0.4867 0.4868 0.4871 
0.4871 0.4872 0.4873 0.4875 
0.4878 0.4879 0.4880 0.4882 
0.4890 0.4890 0.4892 0.4894 
0.4892 0.4892 0.4894 0.4896 
0.4896 0.4896 0.4898 0.4900 
0.4902 0.4902 0.4904 0.4905 
0.4883 0.4884 0.4886 0.4888 
0.4885 0.4886 0.4888 0.4890 
0.4890 0.4890 0.4892 0.4894 
0.4896 0.4896 0.4898 0.4900 
0.4877 0.4878 0.4880 0.4882 
0.4880 0.4881 0.4882 0.4885 
0.4884 0.4885 0.4887 0.4889 
0.4891 0.4891 0.4893 0.4895 
0.4873 0.4874 0.4875 0.4878 
0.4875 0.4876 0.4878 0.4880 
0.4880 0.4881 0.4882 0.4884 
0.4886 0.4887 0.4888 0.4890 
0.4921 0.4922 0.4923 0.4925 
0.4923 0.4924 0.4925 0.4927 
0.4926 0.4927 0.4928 0.4930 
0.4931 0.4931 0.4932 0.4934 
0.4913 0.4914 0.4915 0.4917 
0.4915 0.4915 0.4917 0.4919 
0.4918 0.4919 0.4920 0.4922 
0.4923 0.4924 0.4925 0.4926 
0.4905 0.4905 0.4907 0.4909 
0.4906 0.4907 0.4909 0.4911 
0.4910 0.4911 0.4912 0.4914 
0.4915 0.4916 0.4917 0.4919 
0.4897 0.4898 0.4899 0.4901 
0.4899 0.4900 0.4901 0.4903 
0.4903 0.4903 0.4905 0.4907 
0.4908 0.4909 0.4910 0.4912 
0.4951 0.4952 0.4953 0.4954 
0.4952 0.4953 0.4954 0.4955 
0.4955 0.4955 0.4956 0.4957 
0.4958 0.4958 0.4959 0.4960 
0.4945 0.4946 0.4947 0.4948 
0.4946 0.4947 0.4948 0.4949 
0.4949 0.4949 0.4950 0.4951 
0.4952 0.4953 0.4953 0.4954 
0.4938 0.4938 0.4940 0.4941 
0.4939 0.4940 0.4941 0.4942 
0.4942 0.4942 0.4943 0.4945 
0.4946 0.4946 0.4947 0.4948 
0.4930 0.4930 0.4932 0.4933 
0.4931 0.4932 0.4933 0.4935 
0.4934 0.4935 0.4936 0.4937 
0.4938 0.4939 0.4940 0.4941 
0.4960 0.4961 0.4961 0.4962 
0.4961 0.4961 0.4962 0.4962 
0.4963 0.4963 0.4963 0.4964 
0.4965 0.4965 0.4966 0.4966 
0.4961 0.4961 0.4962 0.4962 
0.4962 0.4962 0.4962 0.4963 
0.4963 0.4964 0.4964 0.4965 
0.4966 0.4966 0.4966 0.4967 
0.4959 0.4960 0.4960 0.4961 
0.4960 0.4961 0.4961 0.4962 
0.4962 0.4962 0.4963 0.4964 
0.4965 0.4965 0.4966 0.4966 
0.4956 0.4957 0.4957 0.4958 
0.4957 0.4958 0.4958 0.4959 
0.4959 0.4959 0.4960 0.4961 
0.4962 0.4962 0.4963 0.4964 
0.4941 0.4941 0.4941 0.4941 
0.4942 0.4942 0.4942 0.4942 
0.4944 0.4944 0.4944 0.4944 
0.4946 0.4946 0.4946 0.4946 
0.4948 0.4948 0.4948 0.4949 
0.4949 0.4949 0.4949 0.4949 
0.4950 0.4951 0.4951 0.4951 
0.4953 0.4953 0.4953 0.4953 
0.4954 0.4954 0.4954 0.4955 
0.4955 0.4955 0.4955 0.4955 
0.4956 0.4956 0.4956 0.4957 
0.4959 0.4959 0.4959 0.4959 
0.4958 0.4958 0.4958 0.4959 
0.4959 0.4959 0.4959 0.4960 
0.4960 0.4961 0.4961 0.4961 
0.4963 0.4963 0.4963 0.4963 
0.4908 0.4908 0.4908 0.4908 
0.4909 0.4909 0.4909 0.4909 
0.4912 0.4911 0.4911 0.4911 
0.4915 0.4915 0.4915 0.4915 
0.4916 0.4916 0.4916 0.4916 
0.4917 0.4917 0.4917 0.4917 
0.4919 0.4919 0.4919 0.4919 
0.4923 0.4923 0.4922 0.4922 
0.4924 0.4924 0.4924 0.4925 
0.4925 0.4925 0.4925 0.4926 
0.4927 0.4927 0.4927 0.4927 
0.4931 0.4931 0.4931 0.4930 
0.4933 0.4933 0.4933 0.4933 
0.4934 0.4934 0.4934 0.4934 
0.4936 0.4936 0.4936 0.4936 
0.4939 0.4939 0.4939 0.4939 
0.4889 0.4889 0.4889 0.4889 
0.4891 0.4891 0.4891 0.4891 
0.4894 0.4893 0.4893 0.4893 
0.4898 0.4898 0.4897 0.4897 
0.4891 0.4891 0.4891 0.4891 
0.4893 0.4893 0.4893 0.4893 
0.4895 0.4895 0.4895 0.4895 
0.4900 0.4900 0.4899 0.4899 
0.4895 0.4895 0.4895 0.4895 
0.4897 0.4897 0.4896 0.4896 
0.4899 0.4899 0.4899 0.4899 
0.4903 0.4903 0.4903 0.4903 
0.4901 0.4901 0.4901 0.4901 
0.4902 0.4902 0.4902 0.4902 
0.4905 0.4905 0.4905 0.4905 
0.4909 0.4909 0.4908 0.4908 
